{"version": "1.0", "meta": {"fps": 100.0, "width": 720, "height": 405, "created_at": "2025-09-01T16:45:06"}, "series": {"shoulder_hip_rotation": {"frame": [1, 2, 3, 4, 5, 6, 7, 8, 9, 10, 11, 12, 13, 14, 15, 16, 17, 18, 19, 20, 21, 22, 23, 24, 25, 26, 27, 28, 29, 30, 31, 32, 33, 34, 35, 36, 37, 38, 39, 40, 41, 42, 43, 44, 45, 46, 47, 48, 49, 50, 51, 52, 53, 54, 55, 56, 57, 58, 59, 60, 61, 62, 63, 64, 65, 66, 67, 68, 69, 70, 71, 72, 73, 74, 75, 76, 77, 78, 79, 80, 81, 82, 83, 84, 85, 86, 87, 88, 89, 90, 91, 92, 93, 94, 95, 96, 97, 98, 99, 100, 101, 102, 103, 104, 105, 106, 107, 108, 109, 110, 111, 112, 113, 114, 115, 116, 117, 118, 119, 120, 121, 122, 123, 124, 125, 126, 127, 128, 129, 130, 131, 132, 133, 134, 135, 136, 137, 138, 139, 140, 141, 142, 143, 144, 145, 146, 147, 148, 149, 150, 151, 152, 153, 154, 155, 156, 157, 158, 159], "shoulder_deg": [-40.94522991663504, -39.4726144072758, -38.450299854144575, -37.904102193682164, -37.756867550867845, -37.89070516711875, -38.16759084207466, -38.46195030902287, -38.68830001067063, -38.806003691798395, -38.82902970544851, -38.797041552587956, -38.747122042905026, -38.696948826365485, -38.65748203691604, -38.633972471628724, -38.627521464536784, -38.636754185762, -38.65193554801795, -38.66710250243812, -38.678754001250134, -38.68869451476488, -38.6913203744437, -38.69107736892772, -38.691024574159016, -38.69346165062102, -38.695427801141065, -38.697843228128804, -38.700106546908216, -38.70798118313486, -38.72447167903041, -38.75157018078555, -38.790215720932736, -38.8402520705575, -38.8984323788427, -38.9611404984235, -39.02217018765674, -39.08079345211565, -39.13721812987421, -39.19282598182568, -39.24382743437654, -39.289090102126494, -39.328733212575486, -39.35646457883377, -39.365397829172345, -39.35402212376068, -39.317376394964135, -39.24862229900265, -39.12970194981245, -38.93706724142441, -38.652623482031444, -38.279344981271805, -37.80918733140268, -37.223444029901664, -36.55236933207432, -35.78743725174308, -34.9725196571289, -34.06634352666436, -33.06872792119148, -32.0547357797935, -31.10643807413836, -30.259555502104558, -29.559356317879402, -29.012402033288254, -28.584594599217017, -28.24098457945574, -27.92752912667608, -27.62117974350932, -27.297853884140878, -26.944084501052124, -26.56705770901722, -26.17709834752386, -25.84121414872657, -25.558748976742855, -25.320121839435295, -25.125915191498354, -24.985858803022655, -24.830662820156814, -24.57207186671548, -24.150551687249056, -23.662330282188666, -23.139457286760777, -22.608244375859133, -22.034256277884083, -21.365135507587926, -20.581742489126263, -19.620229435167637, -18.453488902266738, -17.131583696107928, -15.638254668593218, -13.97604208515217, -12.202576216399827, -10.302509042368142, -8.382703959438299, -6.548515627534955, -4.656939870766998, -2.461798947954494, 0.0, 2.9097822481033875, 6.429049749975876, 10.049190736569399, 13.659183352733054, 16.95310103750014, 19.718016824796166, 22.073357302735623, 24.35148047600304, 26.631336460314394, 28.89915081171148, 31.06593902377867, 32.95317527973416, 34.70635851257527, 36.50155765812178, 38.47730030146275, 40.71107266272283, 43.14946068980737, 45.63370931701909, 48.30929337647931, 51.29060052159282, 54.467540577180905, 57.6473891002951, 60.73067120411251, 63.65980291150096, 66.1967893972167, 68.21262650358001, 69.84038511320712, 71.17867387701244, 72.36710558037602, 73.5836242338685, 74.94028690624461, 76.45999728200069, 78.05130885711642, 79.6501899238722, 81.15762412367211, 82.45203535481427, 83.42537134287558, 83.98010869052744, 84.20210687220978, 84.21065542148972, 84.10417121657521, 84.00053629498166, 83.99445254382198, 84.156927643339, 84.54737848907423, 85.18811384909569, 85.95928903170092, 86.80313803653362, 87.61258495300842, 88.31235713744265, 88.782757750092, 88.91982235109502, 88.76363213391353, 88.34842495476329, 87.63629572401501, 86.64713416137766, 85.47763811158781, 84.46148434369864, 83.70096085353109, 83.11304742836658, 82.58529008003448], "hip_deg": [-32.158158253954404, -29.513140376887907, -27.36518694306194, -25.68046121429505, -24.45033097539749, -23.617134657404804, -23.09409044092622, -22.78627586505478, -22.622456260620346, -22.55051156819142, -22.546434919502637, -22.59511638384834, -22.678630512949777, -22.78080449769743, -22.887000736102337, -22.998592765117415, -23.121778283200893, -23.258008761496903, -23.40352065624033, -23.55270816334811, -23.696616429563576, -23.830491752885155, -23.93292388782269, -23.993742609671436, -24.016916927434, -24.0136750368876, -23.985739570674095, -23.93316448446068, -23.85507684161956, -23.76894515719608, -23.66249324075564, -23.53492861924431, -23.382111287332073, -23.208520708679725, -23.03613083644631, -22.88143499541583, -22.741641642006567, -22.62084391447449, -22.50136471563792, -22.37753884619587, -22.258482366385444, -22.127507502119876, -21.968208919403796, -21.81833617856396, -21.665954927734084, -21.483875991399852, -21.269461094674888, -21.046754121211503, -20.81620311998357, -20.532189210356194, -20.172136390268935, -19.77658356458506, -19.32241723482849, -18.71696943985754, -17.93162310335188, -16.939760671320432, -15.697364185514509, -14.152098832472578, -12.204253638200314, -9.865486417500227, -7.265811488535633, -4.834741896612734, -2.4881280518324687, 0.0, 1.005781629543851, 2.399848976616247, 3.537038109186429, 4.319876669708554, 4.891881821496344, 5.333922359148694, 5.554702948798223, 5.541575971584548, 5.3825319794258055, 5.216452369978178, 5.048164542255958, 4.884808761628113, 4.9547631517680335, 5.335802017565536, 5.909004269752558, 6.569293660084557, 7.049050561633761, 7.293318364641802, 7.300541342645147, 7.410527887709943, 7.7081211611327545, 8.215824080282822, 8.719710958431556, 8.998749421363696, 9.159282662626035, 9.356808987142381, 9.86714043311016, 11.055283443278569, 12.787852984979601, 14.638483847537207, 16.398635070096464, 18.045729982223783, 19.59343152865659, 20.74188131420404, 21.627873623489606, 22.2291457100892, 22.346695671278386, 22.050785222249996, 21.324235939295896, 20.202079396516567, 19.012612116358817, 17.940274380832108, 17.007198274295007, 16.020218096207163, 15.354377020967114, 15.20109675012255, 15.53140778395176, 16.144481812547795, 17.590465260601984, 20.104787439324763, 23.363319457607858, 26.871644780425143, 30.34192228192232, 33.35219047557505, 36.20099116852403, 39.2829651846423, 42.55862857595451, 45.88884199851188, 48.99383015899116, 51.85467347222151, 54.42187740180642, 56.62031324141595, 58.4164175165799, 59.984463117529536, 61.13394316850333, 61.75133900152467, 62.21628924625605, 62.884312952020274, 63.93953178013212, 65.38217326920052, 67.06043526063152, 68.42896687074605, 69.38072688562508, 69.8921103083032, 69.76971609822954, 69.13789525134612, 68.1256960795731, 66.84673520653011, 66.08928378160157, 66.16197629873157, 66.88582026094072, 68.15997662217654, 69.69432197870523, 71.1880191338988, 72.21443745412392, 72.39874624990819, 71.77450279754356, 70.49596281564862, 68.61218314078006, 66.62292632875779, 64.67544237349674, 63.01460622892897, 61.670648965668434, 60.499622590001984, 59.400458096507606],