{"version": "1.0", "meta": {"fps": 100.0, "width": 720, "height": 405, "created_at": "2025-09-02T14:12:41+09:00"}, "series": {"head_stability": {"frame": [1, 2, 3, 4, 5, 6, 7, 8, 9, 10, 11, 12, 13, 14, 15, 16, 17, 18, 19, 20, 21, 22, 23, 24, 25, 26, 27, 28, 29, 30, 31, 32, 33, 34, 35, 36, 37, 38, 39, 40, 41, 42, 43, 44, 45, 46, 47, 48, 49, 50, 51, 52, 53, 54, 55, 56, 57, 58, 59, 60, 61, 62, 63, 64, 65, 66, 67, 68, 69, 70, 71, 72, 73, 74, 75, 76, 77, 78, 79, 80, 81, 82, 83, 84, 85, 86, 87, 88, 89, 90, 91, 92, 93, 94, 95, 96, 97, 98, 99, 100, 101, 102, 103, 104, 105, 106, 107, 108, 109, 110, 111, 112, 113, 114, 115, 116, 117, 118, 119], "x_px": [359.329369074452, 367.9987694535253, 374.01308877233845, 377.6158303728431, 379.408287221533, 380.0087767670713, 379.9869466578745, 379.7192716516756, 379.40323557808296, 379.1321277952303, 378.9357341522551, 378.80907047837206, 378.73736156436155, 378.70485522862344, 378.6948009575926, 378.7105556387424, 378.77637118249385, 378.9383024686966, 379.25677817511644, 379.7974181417188, 380.6415766217764, 381.9304444136238, 383.65661935349686, 385.80180025710087, 388.4075541570058, 391.5017486325496, 394.90011142602185, 398.5055285800728, 402.2158854517525, 405.99587673148625, 409.69870676538363, 413.2615679123406, 416.7153578003501, 419.6627971034509, 422.1320333707768, 424.2783745477621, 426.0595498734771, 427.4905759781958, 428.60318818168435, 429.34576485403295, 429.6178363864752, 429.3065698143853, 428.2675219615856, 426.304404918659, 423.5340215539787, 420.02689875955195, 415.8956356996677, 411.37443522527946, 406.65695098836113, 401.67814759698086, 396.5262871673801, 391.32862753935757, 386.31538095340375, 381.49550291314654, 376.9625495799108, 372.6716788720745, 368.6775633172168, 365.06796169035164, 361.7719652489445, 358.8694593198455, 356.3432944715626, 354.16313566113905, 352.27428173592574, 350.7001868375384, 349.44375588785414, 348.53474622840963, 348.0402703965325, 348.00430166490855, 348.5499197188771, 349.9119532030094, 352.37039435802404, 356.1841744759054, 361.06980414403347, 366.38858796971255, 371.7570959416242, 376.79142078336344, 380.9989013632734, 384.2791199634215, 386.785475978368, 388.782544123798, 390.4106166411933, 391.71348265949047, 392.6604297404131, 393.26173997231376, 393.522514547479, 393.40060325833673, 392.7427018136675, 391.29117957000824, 388.7006349644994, 384.85826726842765, 379.76807921176555, 373.80488430122034, 367.965909553359, 363.01442766814944, 359.0602632659212, 356.16268613384625, 354.19490163682565, 352.97050823201016, 352.22860583445123, 351.76188253452864, 351.5061883791397, 351.40551793918155, 351.42324006958177, 351.5624942771658, 351.8727551401892, 352.43192473126396, 353.32476455271126, 354.5808591149735, 355.92434056590827, 357.2094663053231, 358.36175734278515, 359.2919123940979, 359.9946472904651, 360.48890426633227, 360.82178544054864, 361.03993817208885, 361.1884987723738, 361.2886200653328, 361.37963942256823], "y_px": [193.6229805819502, 198.48635463263426, 201.92311874516847, 204.05580008005776, 205.199548349995, 205.6921071722184, 205.80810372009353, 205.74127260330562, 205.61204262159447, 205.486262756407, 205.39213787532958, 205.33369365566156, 205.3089644812481, 205.31139930867644, 205.33077330846862, 205.3660175919985, 205.41528945708401, 205.47832906066958, 205.54397367878715, 205.62467742765193, 205.72805244732845, 205.87165942496924, 206.06291116096108, 206.27007588359635, 206.50605392502058, 206.75162270870226, 207.00521910654967, 207.2047486070364, 207.37805900099775, 207.5672294143048, 207.8021919569157, 208.10829567272285, 208.4626490583054, 208.8696054076664, 209.31348097944272, 209.75041140717659, 210.14840503232054, 210.48405667877412, 210.7765792468623, 211.01546564576526, 211.17751787537475, 211.28754013053756, 211.36447824793078, 211.39484267764493, 211.37607387615782, 211.29717032991238, 211.13529586170105, 210.86277617503924, 210.49950123553322, 210.07250938912162, 209.58091194049035, 209.06853556199394, 208.54454763949403, 208.04311671192565, 207.52119787860016, 206.95410087899936, 206.3649430815817, 205.74362468118272, 205.0701437142062, 204.36397071816967, 203.6618181988514, 203.00615103303488, 202.43985703698308, 201.99358659775004, 201.6889274810868, 201.53657431335182, 201.5181086333456, 201.63144092923167, 201.88661373332434, 202.30919269507288, 202.8847765576224, 203.52337748008716, 204.2302431990994, 204.89867829719196, 205.59261631611514, 206.3708584569325, 207.1409909996193, 207.77640202602362, 208.23226443193263, 208.53500147376718, 208.7291482170902, 208.86068495481177, 208.94424801248323, 208.99567853533736, 209.02311178876184, 209.01739800083763, 208.95312869359617, 208.77651645496505, 208.4005922634029, 207.71724479795785, 206.65808407196315, 205.16686899439324, 203.47780954110004, 201.89213152200867, 200.61888385912692, 199.7254502456139, 199.16092617524666, 198.82341422173133, 198.63829988135276, 198.5424226918798, 198.50168725952014, 198.49674366809134, 198.51434911657168, 198.5507814449833, 198.61107004197535, 198.70039879919153, 198.81971116432396, 198.99529353463956, 199.24769171978238, 199.60622390790726, 200.04926677571902, 200.51770815047468, 200.94737724089654, 201.2830772390992, 201.50838355576087, 201.64460329296662, 201.72251932688755, 201.77093294067652, 201.8149453168483]}}}