{"version": "1.0", "meta": {"fps": 100.0, "width": 720, "height": 405, "created_at": "2025-09-02T16:03:13"}, "series": {"shoulder_hip_rotation": {"frame": [1, 2, 3, 4, 5, 6, 7, 8, 9, 10, 11, 12, 13, 14, 15, 16, 17, 18, 19, 20, 21, 22, 23, 24, 25, 26, 27, 28, 29, 30, 31, 32, 33, 34, 35, 36, 37, 38, 39, 40, 41, 42, 43, 44, 45, 46, 47, 48, 49, 50, 51, 52, 53, 54, 55, 56, 57, 58, 59, 60, 61, 62, 63, 64, 65, 66, 67, 68, 69, 70, 71, 72, 73, 74, 75, 76, 77, 78, 79, 80, 81, 82, 83, 84, 85, 86, 87, 88, 89, 90, 91, 92, 93, 94], "shoulder_deg": [-19.687315195296758, -9.617183938312873, -0.0, -0.0, -0.0, -0.0, -0.0, -0.0, -0.0, -0.0, -0.0, -0.0, -0.0, -0.0, -0.0, -0.0, -0.0, -0.0, -0.0, -8.218963793733215, -15.264497136498301, -19.996690058193987, -23.558938276517566, -26.313423479967522, -28.53043234159723, -30.371175812168424, -31.928473398433184, -33.189930708782875, -34.211221463463225, -35.01977944834545, -35.6654853067545, -36.146237449576944, -36.40896632598526, -36.48356467195521, -36.41666565663994, -36.25334354761891, -35.99807831715715, -35.63663967357331, -35.15077925928421, -34.518646990977636, -33.59402202805261, -32.20643560067167, -30.275249680197927, -27.813244351725277, -24.960118000986178, -21.85032809271729, -18.548981096887438, -14.953802796283881, -11.117252070823648, -6.9419660087402555, -1.921836627818681, 0.0, 6.092168472594583, 10.465724872191345, 14.647380329703058, 18.64674885632932, 22.340808695920014, 25.52743827322515, 28.732762258213892, 32.12113033086755, 35.47487077982354, 38.71471969889631, 41.83226752857599, 44.80386569396008, 47.611232391763316, 50.155624138004484, 52.267280225403574, 53.964256347762806, 55.3603909690405, 56.59187470049583, 57.737594521119505, 58.83248220938463, 59.85694107800279, 60.590984934166435, 61.09848842859969, 61.409363463623905, 61.60043680275872, 61.717222905401194, 61.749636340019244, 61.71647643042768, 61.65834968906859, 61.6898098883083, 61.84595769756665, 62.14898971568454, 62.58811579004029, 63.06883365585373, 63.476989565155826, 63.75592415395323, 63.920854070434565, 63.88776932538879, 63.778401802531185, 63.65062325224506, 63.476155583690876, 63.27417812507764], "hip_deg": [-0.0, -0.0, -0.0, -0.0, -0.0, -0.0, -0.0, -0.0, -0.0, -0.0, -0.0, -0.0, -0.0, -0.0, -0.0, -0.0, -0.0, -0.0, -0.0, 0.0, 12.693125770124183, 17.20200058444896, 19.67338500885008, 20.977747855536578, 21.5199386376534, 21.540217706850612, 21.330741471685638, 21.03760626001016, 20.756792668482905, 20.519799757171604, 20.339761213737876, 20.199019954673407, 20.097210016330564, 20.008721113580076, 19.88700669397074, 19.683794891668214, 19.33352760236687, 18.772900958704312, 17.967704889588568, 16.955282663550275, 15.730396587948308, 14.21982119207833, 12.41503122561948, 10.350751988908133, 8.45437594551002, 7.160151694440793, 7.162715557612469, 7.657904010589735, 8.906276079662504, 10.645899030768499, 12.947116474763947, 15.537352076340529, 18.31376468614557, 20.570636348202076, 22.688926197631407, 24.854516212050743, 27.101667641339812, 29.12473887429981, 31.16950490388838, 33.603342513810134, 36.62218998433318, 40.020500585785406, 43.627027849434114, 46.83398666505931, 49.13361736073407, 50.37809213702744, 50.91250983491303, 50.88478236761523, 50.472698581541536, 49.58490408490364, 48.63176250319644, 47.87534274794475, 47.2434352446733, 46.678565677325786, 46.43851759910975, 46.377330334906475, 46.373643825485125, 46.263486265212975, 45.87261218335256, 45.09925715980738, 44.17764608417115, 43.36822859918583, 43.04248017394232, 43.14872294731287, 43.39611655064402, 43.529111842970266, 43.50168977704459, 43.42891138175315, 42.903115561765745, 41.680552213796076, 40.10110046976707, 38.45639498310038, 36.77675886119232, 35.096023694237815], "separation_deg": [19.687315195296758, 9.617183938312873, 0.0, 0.0, 0.0, 0.0, 0.0, 0.0, 0.0, 0.0, 0.0, 0.0, 0.0, 0.0, 0.0, 0.0, 0.0, 0.0, 0.0, 8.218963793733215, 27.957622906622483, 37.198690642642944, 43.23232328536764, 47.2911713355041, 50.05037097925063, 51.911393519019036, 53.259214870118825, 54.22753696879303, 54.968014131946134, 55.53957920551706, 56.00524652049238, 56.34525740425035, 56.506176342315825, 56.49228578553529, 56.30367235061068, 55.937138439287125, 55.33160591952402, 54.409540632277626, 53.118484148872774, 51.47392965452791, 49.32441861600092, 46.426256792749996, 42.6902809058174, 38.16399634063341, 33.414493946496194, 29.010479787158083, 25.711696654499907, 22.611706806873617, 20.02352815048615, 17.587865039508756, 14.868953102582628, 15.537352076340529, 12.221596213550988, 10.10491147601073, 8.041545867928349, 6.207767355721423, 4.760858945419798, 3.5973006010746573, 2.4367426456744887, 1.4822121829425825, 1.1473192045096425, 1.3057808868890959, 1.7947603208581242, 2.0301209710992296, 1.522384968970755, 0.22246799902295322, -1.3547703904905433, -3.0794739801475757, -4.887692387498966, -7.006970615592188, -9.105832017923063, -10.95713946143988, -12.61350583332949, -13.91241925684065, -14.659970829489936, -15.03203312871743, -15.226792977273597, -15.453736640188218, -15.877024156666685, -16.617219270620303, -17.480703604897435, -18.32158128912247, -18.803477523624323, -19.000266768371674, -19.191999239396274, -19.539721812883464, -19.975299788111236, -20.327012772200078, -21.01773850866882, -22.207217111592712, -23.677301332764117, -25.19422826914468, -26.699396722498555, -28.178154430839825], "max_shoulder_width_frame": 52, "max_hip_width_frame": 20, "max_shoulder_width": 0.3127203961930099, "max_hip_width": 0.190336561043756}}}