{"version": "1.0", "meta": {"fps": 100.0, "width": 720, "height": 405, "created_at": "2025-09-01T17:54:11"}, "series": {"shoulder_hip_rotation": {"frame": [1, 2, 3, 4, 5, 6, 7, 8, 9, 10, 11, 12, 13, 14, 15, 16, 17, 18, 19, 20, 21, 22, 23, 24, 25, 26, 27, 28, 29, 30, 31, 32, 33, 34, 35, 36, 37, 38, 39, 40, 41, 42, 43, 44, 45, 46, 47, 48, 49, 50, 51, 52, 53, 54, 55, 56, 57, 58, 59], "shoulder_deg": [-54.715916057931636, -53.383042695879716, -52.318865679567935, -51.558208748250415, -51.065246469369114, -50.82014150381363, -50.87423761597571, -51.31707853401418, -52.24400305995903, -53.82061465022524, -56.16073764049646, -59.21675400097873, -61.52021490778218, -62.95585169838268, -63.6398405243965, -63.853145653517835, -63.77326556221892, -63.44341053019168, -62.79065873851795, -61.68514962633845, -59.91099489515677, -57.26889860088851, -53.69215467700949, -49.35650265058344, -44.465957855796056, -38.92933582700775, -32.672168075152676, -25.92900272040057, -18.591687303361088, -11.21576430366012, -3.525486448798547, 0.0, 9.39195735303059, 17.627799081931546, 25.801918684508045, 33.8272222005996, 40.993483979646435, 47.391502650654274, 53.17536507091699, 58.486967969107916, 63.22826699317198, 66.91709353833373, 69.42807509020159, 70.98461933077472, 71.91147182050946, 72.51866787784303, 73.0510093047823, 73.61405010570707, 74.28397873727154, 74.95767745777044, 75.73618710886598, 76.68262290628898, 77.84055084857542, 79.20724627292302, 80.59020827359741, 81.78954992174775, 82.76773597653322, 83.60123431790664, 84.35253204730436], "hip_deg": [-48.42358663951534, -46.94224495846693, -45.75823884002522, -44.83573262623117, -44.10474032567342, -43.5240527427153, -43.210913039626156, -43.2402184792633, -43.784993745097424, -45.07378031822149, -47.31896433366861, -50.45412801786897, -52.887109753331764, -54.43375545600418, -55.275821802961524, -55.61849284060451, -55.52125306202956, -55.016065351661666, -53.961230009384934, -51.93114573516669, -48.51339841403616, -44.059582967392366, -38.834998680828754, -33.11564213618031, -27.3233655595931, -21.197960933675134, -14.552881069091711, -7.780311302147035, 0.0, 2.687378277455815, 9.329274118285241, 15.13452006383124, 21.481002761588805, 27.489589810401156, 32.93030658553996, 37.66022724809551, 41.6508208354834, 45.63399397937355, 50.18699721066479, 55.61758180753747, 61.54407493066881, 66.82845784040904, 70.76661372526812, 73.34516037887987, 75.08536693147856, 76.41398664525171, 77.4816644641518, 78.29055501011644, 78.88603336880557, 79.08362418633095, 79.08264917131545, 79.07696916547174, 79.1778792012748, 100.73222523822751, 100.81706277908599, 101.11642589373672, 101.56900845187002, 102.18413717717851, 102.94501212037171], "separation_deg": [6.292329418416294, 6.440797737412787, 6.560626839542714, 6.722476122019245, 6.960506143695696, 7.296088761098332, 7.663324576349552, 8.076860054750881, 8.459009314861603, 8.74683433200375, 8.841773306827847, 8.762625983109764, 8.63310515445042, 8.522096242378502, 8.364018721434974, 8.234652812913325, 8.252012500189359, 8.427345178530011, 8.829428729133014, 9.754003891171763, 11.397596481120608, 13.209315633496146, 14.857155996180737, 16.240860514403124, 17.142592296202956, 17.731374893332614, 18.119287006060965, 18.148691418253538, 18.591687303361088, 13.903142581115935, 12.854760567083789, 15.13452006383124, 12.089045408558215, 9.861790728469611, 7.128387901031914, 3.8330050474959094, 0.6573368558369665, -1.7575086712807249, -2.988367860252197, -2.8693861615704463, -1.6841920625031648, -0.08863569792468695, 1.3385386350665271, 2.360541048105148, 3.1738951109690987, 3.895318767408682, 4.430655159369508, 4.67650490440937, 4.602054631534031, 4.125946728560507, 3.3464620624494756, 2.394346259182754, 1.3373283526993873, 21.5249789653045, 20.226854505488575, 19.32687597198897, 18.801272475336802, 18.58290285927187, 18.59248007306735], "max_shoulder_width_frame": 32, "max_hip_width_frame": 29, "max_shoulder_width": 0.2098668989649774, "max_hip_width": 0.13658764883093338}}}