{"version": "1.0", "meta": {"fps": 150.0, "width": 720, "height": 404, "created_at": "2025-10-25T19:54:30+09:00"}, "series": {"center_shift": {"frame": [1, 2, 3, 4, 5, 6, 7, 8, 9, 10, 11, 12, 13, 14, 15, 16, 17, 18, 19, 20, 21, 22, 23, 24, 25, 26, 27, 28, 29, 30, 31, 32, 33, 34, 35, 36, 37, 38, 39, 40, 41, 42, 43, 44, 45, 46, 47, 48, 49, 50, 51, 52, 53, 54, 55, 56, 57, 58, 59, 60, 61, 62, 63, 64, 65, 66, 67, 68, 69, 70, 71, 72, 73, 74, 75, 76, 77, 78, 79, 80, 81, 82, 83, 84, 85, 86, 87, 88, 89, 90, 91, 92, 93, 94, 95, 96, 97, 98, 99, 100, 101, 102, 103, 104, 105, 106, 107, 108, 109, 110, 111, 112, 113, 114, 115, 116, 117, 118, 119, 120], "right_ratio": [5.6, 5.6, 8.2, 8.3, 8.3, 8.3, 8.3, 8.3, 8.4, 8.4, 8.3, 8.4, 8.4, 8.4, 8.5, 8.4, 8.4, 8.4, 8.4, 8.4, 8.4, 8.4, 8.4, 5.2, 5.2, 5.2, 5.2, 5.2, 8.3, 8.3, 8.2, 8.2, 8.2, 8.2, 8.1, 8.2, 8.2, 8.2, 8.1, 8.1, 8.1, 8.2, 8.1, 8.1, 8.1, 8.0, 8.1, 8.1, 8.0, 8.0, 8.0, 7.9, 8.0, 7.9, 8.0, 8.0, 8.0, 8.0, 7.8, 7.9, 7.9, 7.8, 7.8, 5.5, 5.5, 5.5, 5.5, 5.5, 7.6, 7.5, 7.4, 7.4, 7.4, 7.4, 7.3, 7.2, 7.2, 7.1, 7.2, 7.1, 7.1, 7.0, 6.8, 6.8, 6.7, 6.7, 6.7, 6.6, 6.4, 6.3, 6.2, 6.1, 5.9, 5.9, 6.0, 5.9, 5.7, 5.7, 5.7, 5.7, 5.7, 5.6, 5.5, 5.2, 5.2, 5.1, 5.2, 5.0, 5.0, 5.0, 4.9, 4.8, 4.8, 4.9, 4.8, 4.8, 5.0, 5.0, 5.0, 4.9], "left_ratio": [4.4, 4.4, 1.8, 1.7, 1.7, 1.7, 1.7, 1.7, 1.6, 1.6, 1.7, 1.6, 1.6, 1.6, 1.5, 1.6, 1.6, 1.6, 1.6, 1.6, 1.6, 1.6, 1.6, 4.8, 4.8, 4.8, 4.8, 4.8, 1.7, 1.7, 1.8, 1.8, 1.8, 1.8, 1.9, 1.8, 1.8, 1.8, 1.9, 1.9, 1.9, 1.8, 1.9, 1.9, 1.9, 2.0, 1.9, 1.9, 2.0, 2.0, 2.0, 2.1, 2.0, 2.1, 2.0, 2.0, 2.0, 2.0, 2.2, 2.1, 2.1, 2.2, 2.2, 4.5, 4.5, 4.5, 4.5, 4.5, 2.4, 2.5, 2.6, 2.6, 2.6, 2.6, 2.7, 2.8, 2.8, 2.9, 2.8, 2.9, 2.9, 3.0, 3.2, 3.2, 3.3, 3.3, 3.3, 3.4, 3.6, 3.7, 3.8, 3.9, 4.1, 4.1, 4.0, 4.1, 4.3, 4.3, 4.3, 4.3, 4.3, 4.4, 4.5, 4.8, 4.8, 4.9, 4.8, 5.0, 5.0, 5.0, 5.1, 5.2, 5.2, 5.1, 5.2, 5.2, 5.0, 5.0, 5.0, 5.1]}, "shoulder_hip_rotation": {"frame": [1, 2, 3, 4, 5, 6, 7, 8, 9, 10, 11, 12, 13, 14, 15, 16, 17, 18, 19, 20, 21, 22, 23, 24, 25, 26, 27, 28, 29, 30, 31, 32, 33, 34, 35, 36, 37, 38, 39, 40, 41, 42, 43, 44, 45, 46, 47, 48, 49, 50, 51, 52, 53, 54, 55, 56, 57, 58, 59, 60, 61, 62, 63, 64, 65, 66, 67, 68, 69, 70, 71, 72, 73, 74, 75, 76, 77, 78, 79, 80, 81, 82, 83, 84, 85, 86, 87, 88, 89, 90, 91, 92, 93, 94, 95, 96, 97, 98, 99, 100, 101, 102, 103, 104, 105, 106, 107, 108, 109, 110, 111, 112, 113, 114, 115, 116, 117, 118, 119, 120], "shoulder_deg": [-58.11440220196807, -58.14375599366369, -48.25527292803537, -47.95440698233371, -47.69848277991722, -49.92991912647226, -50.32349032025528, -49.71034473607354, -50.416307170573866, -49.27381560644565, -48.936402656680194, -48.92583906298879, -48.47231322690058, -48.13687490083653, -49.191617480142234, -48.32774398609031, -48.58767838714834, -48.87337293433195, -49.07727250824886, -49.16170097558165, -49.19622156626727, -50.312508596529185, -48.22854257532527, -58.835678646443924, -58.870906290943424, -58.88962139232434, -58.925278426813676, -59.05027165318656, -50.9530421427817, -52.26409758474279, -52.00079342538223, -51.234397826364855, -48.162322258863256, -48.06380574785653, -50.100185504511565, -50.090781633670346, -49.28225305692368, -50.34688145335582, -50.244875033862286, -50.177870766851996, -50.21629959888343, -50.76912164404224, -50.72204965235553, -51.18991382918693, -51.0105884225467, -51.16030011090529, -50.302754309562516, -49.95994113195742, -51.08123756628779, -51.47509927238986, -51.0843608656696, -51.197430045186785, -50.61270288968769, -50.24697925372599, -51.11951354336141, -50.53633729271192, -50.62245572655845, -50.34786835216395, -50.20350357838618, -50.271634428781184, -50.24346771756993, -49.89159276625834, -50.43598352699834, -58.604050219225, -58.88874778835968, -58.942644455616275, -59.23220014135317, -59.30153240985015, -51.967430323185624, -51.508655794841985, -51.6649512687197, -51.26418299383146, -51.06711856377798, -51.00051799923592, -49.71846674653639, -50.33013049725465, -51.29463957379454, -50.94368810688359, -51.217594505593745, -50.820318479053036, -50.106976767072304, -50.64531472884302, -50.515641555557174, -50.72514292080535, -50.28281279147966, -49.65185901741207, -51.09088725830612, -51.25618635252205, -49.00796039365669, -49.030813620208605, -51.586903234353684, -48.450860791971344, -47.38100412074594, -46.84574093735689, -45.63713547773952, -44.7364658351897, -43.86359541332145, -43.63986064340125, -42.69324340161261, -39.68068820386167, -40.17739118122952, -39.87843638660672, -39.31344643977049, -36.04849933833125, -35.217361363173644, -30.123092916758605, -29.4929175735065, -30.810254261979754, -0.5030984673836998, 0.0, 40.052003005703085, 39.24975705589542, 43.70629910842147, 41.899173397905706, 36.18778686138003, 41.24515089385403, 46.65762431701227, 46.81555343680888, 54.389362566225834, 54.50837014657867], "hip_deg": [-53.83248320485562, -53.80099010426224, -29.99042511066249, -28.53582502645386, -29.095776169082868, -29.933266084619117, -28.52450511562801, -27.77019967644191, -27.35832927888702, -27.4239455980616, -28.514580349423255, -28.32044326154092, -28.16924464767787, -27.966558058904898, -28.692368076591332, -27.75814332587462, -27.86852132041731, -27.865073561015357, -28.0443511230662, -27.903895480332018, -27.31609818789234, -27.618156084274787, -28.54726596754872, -53.338863831536585, -53.2967921703378, -53.102183991082086, -53.01174194167297, -52.700176247817986, -31.536922636369503, -31.408135750080902, -31.541212024498336, -32.087640005557326, -32.41874714306094, -30.76715728046512, -31.991477658020425, -32.940265664640386, -31.706058759563955, -32.74322886426638, -31.594865077712655, -32.36045812592995, -34.55929696357153, -34.41521307737079, -33.353809156152636, -32.536679090531024, -32.44594555890353, -31.958715055917274, -31.584148449759812, -29.809567984505318, -31.36738234804012, -31.69514898637106, -31.885017173200875, -31.027754874453368, -33.00093944538683, -32.96211461775482, -31.226214805427613, -33.16325525782511, -32.939466627450535, -31.733426868897165, -30.890667324853837, -31.463960499145934, -31.50202121747512, -30.896090146376686, -29.384320915664293, -52.44086194496201, -52.552561479443156, -52.79323222540531, -52.968543971104616, -53.11344013382747, -26.97249887446601, -26.167795267740146, -26.355128138060582, -27.580106761760877, -28.6342818255781, -28.115975927718285, -26.541188287921514, -27.80022455779354, -21.503699329608143, -24.483837856132894, -21.454605629013248, -16.937778172570905, -17.873397433605117, -14.199711003781076, -13.221158064264603, -5.126533398715861, -9.36742815447974, 0.0, 3.7841917846571786, 15.08100549445117, 9.877261286719115, 8.755917998284975, 12.066442018401943, 17.25216506337009, 21.90925511192231, 21.6285724943892, 19.597097520729772, 19.19197334035819, 26.564709270750058, 26.446910220336836, 25.55092571526561, 20.769830299832858, 22.59152668519062, 26.18279626959631, 26.02866769311356, 37.279452897521594, 34.000678972482035, 39.4650634018704, 36.87168814922908, 41.28669953656172, 44.70332128778619, 45.594653114928285, 42.938426776109864, 50.206903551391456, 51.6036486403314, 50.51172963239239, 50.00844913330021, 54.45106619306525, 47.120139633978845, 46.182629353130594, 57.19435933431342, 58.90852341939416],