{"version": "1.0", "meta": {"fps": 100.0, "width": 720, "height": 404, "created_at": "2025-10-02T11:21:45+09:00"}, "series": {"center_shift": {"frame": [1, 2, 3, 4, 5, 6, 7, 8, 9, 10, 11, 12, 13, 14, 15, 16, 17, 18, 19, 20, 21, 22, 23, 24, 25, 26, 27, 28, 29, 30, 31, 32, 33, 34, 35, 36, 37, 38, 39, 40, 41, 42, 43, 44, 45, 46, 47, 48, 49, 50, 51, 52, 53, 54, 55, 56, 57, 58, 59, 60, 61, 62, 63, 64, 65, 66, 67, 68, 69, 70, 71, 72, 73], "right_ratio": [8.0, 8.1, 8.1, 7.9, 8.1, 8.0, 8.2, 8.2, 8.1, 8.1, 7.8, 7.7, 6.8, 6.7, 6.4, 6.3, 6.3, 6.1, 6.2, 6.1, null, null, null, null, null, null, null, 4.6, 4.6, null, 5.6, 7.1, 7.2, null, null, 4.2, 3.8, 4.2, 5.9, 3.8, 7.3, 4.0, 4.0, 4.2, 4.2, 4.6, 4.5, 4.5, 4.5, 4.4, 4.2, 4.0, 7.2, 4.0, 4.1, 6.9, 6.8, 7.4, 7.3, 4.4, 4.5, 4.6, 4.4, 4.2, 4.2, 4.3, 4.6, 4.3, 4.2, 4.4, 4.4, 7.0, 3.9], "left_ratio": [2.0, 1.9, 1.9, 2.1, 1.9, 2.0, 1.8, 1.8, 1.9, 1.9, 2.2, 2.3, 3.2, 3.3, 3.6, 3.7, 3.7, 3.9, 3.8, 3.9, null, null, null, null, null, null, null, 5.4, 5.4, null, 4.4, 2.9, 2.8, null, null, 5.8, 6.2, 5.8, 4.1, 6.2, 2.7, 6.0, 6.0, 5.8, 5.8, 5.4, 5.5, 5.5, 5.5, 5.6, 5.8, 6.0, 2.8, 6.0, 5.9, 3.1, 3.2, 2.6, 2.7, 5.6, 5.5, 5.4, 5.6, 5.8, 5.8, 5.7, 5.4, 5.7, 5.8, 5.6, 5.6, 3.0, 6.1]}, "shoulder_hip_rotation": {"frame": [1, 2, 3, 4, 5, 6, 7, 8, 9, 10, 11, 12, 13, 14, 15, 16, 17, 18, 19, 20, 21, 22, 23, 24, 25, 26, 27, 28, 29, 30, 31, 32, 33, 34, 35, 36, 37, 38, 39, 40, 41, 42, 43, 44, 45, 46, 47, 48, 49, 50, 51, 52, 53, 54, 55, 56, 57, 58, 59, 60, 61, 62, 63, 64, 65, 66, 67, 68, 69, 70, 71, 72, 73], "shoulder_deg": [-10.178042118637515, -9.526999479835062, -7.175305864370384, -0.0, -0.0, -0.0, -5.014471888996901, -1.2040077089395833, -0.0, -3.3137165003377507, -0.0, -6.417265114696613, -6.978266137977276, -6.785856704838572, -9.201560164875179, -8.545272581139189, 0.0, 9.345169591767748, 8.166184761381025, 14.361529113343652, 15.215978618947494, 13.908868673578516, 8.380945284526849, 23.400998295623197, 24.384891249239505, 26.126391786357587, 26.10161365575364, 31.8594729437052, 28.961981973950593, 24.315691369164487, 24.9191627930164, 23.78030039975784, 22.869386455501363, 15.541323402048262, 12.84953989989082, 15.675283525182376, 15.117940842142442, 15.197763889211418, 14.56072109744643, 15.939998591753387, 16.730862772805814, 16.91517313215107, 16.536671591402524, 9.926646077320745, 9.814038081792807, 12.128017494392855, 13.239137767424202, 11.509779195090488, 12.903022589450002, 13.582711641716482, 14.496294545369814, 12.724399692612883, 13.122482866062642, 12.360045599786643, 11.114715655013171, 10.655743122984005, 10.653292204412317, 13.84183371827687, 12.665405796552088, 7.890973500577817, 7.993747134635001, 1.340142654114005, 5.145444791225844, 10.177511904251656, 11.573048895983177, 9.907355996673065, 11.296142662756141, 19.567026213095183, 19.12772129468396, 18.131408211957254, 17.43485802478469, 16.725501919564955, 17.598534665800017], "hip_deg": [-0.0, -0.0, -0.0, -0.0, -0.0, -0.0, -0.0, -0.0, -15.130825362298806, -18.539876601863195, -23.426280397367165, -36.49132345754009, -12.833992082356382, -22.01197271481081, -17.96162470159446, -16.39776118245746, -3.7703873275609276, -21.57673528473778, -23.780807150340188, -19.353221928128992, -29.202262294806342, -22.281852577988793, -18.8478785392165, -17.077752423357875, 0.0, 20.305852215892024, 23.666532334323094, 33.553296955940226, 28.402059834540992, 29.532832067554494, 32.24001956493176, 26.723495155599846, 31.873175583104754, 33.789536361765364, 34.628291600252915, 32.85428477921844, 30.63171462077211, 34.45072760873128, 35.433661453261955, 31.134451313736633, 33.00315581058675, 20.84551221417383, 25.419776005328664, 37.2828349068977, 37.81183191652926, 38.42280626725752, 39.21765316755427, 37.766881893898095, 38.35146715730541, 40.1571648089338, 43.36812653224133, 43.761815400664744, 44.88908506559409, 43.727770129561605, 42.78908162939037, 41.25940777894257, 39.5720840132982, 44.70241671164152, 44.38883808651399, 39.72702303501107, 39.47244402353343, 38.430974688198454, 37.056962824772995, 40.31693250911484, 39.00296016867022, 38.649236469377875, 38.05921050127518, 40.279768646881514, 40.518082588577954, 36.6072660466228, 35.24843087336509, 42.57277741387586, 43.74413315352386], "separation_deg": [10.178042118637515, 9.526999479835062, 7.175305864370384, 0.0, 0.0, 0.0, 5.014471888996901, 1.2040077089395833, -15.130825362298806, -15.226160101525444, -23.426280397367165, -30.07405834284348, -5.855725944379105, -15.226116009972237, -8.76006453671928, -7.852488601318273, -3.7703873275609276, -30.92190487650553, -31.946991911721213, -33.714751041472645, -44.418240913753834, -36.19072125156731, -27.228823823743348, -40.478750718981075, -24.384891249239505, -5.820539570465563, -2.4350813214305447, 1.6938240122350265, -0.5599221394096006, 5.217140698390008, 7.320856771915356, 2.943194755842004, 9.00378912760339, 18.2482129597171, 21.778751700362093, 17.179001254036063, 15.51377377862967, 19.25296371951986, 20.872940355815523, 15.194452721983247, 16.272293037780933, 3.9303390820227584, 8.88310441392614, 27.35618882957695, 27.99779383473645, 26.294788772864663, 25.978515400130064, 26.257102698807607, 25.448444567855404, 26.574453167217317, 28.871831986871513, 31.03741570805186, 31.766602199531448, 31.36772452977496, 31.674365974377196, 30.60366465595856, 28.918791808885885, 30.86058299336465, 31.723432289961906, 31.836049534433254, 31.478696888898426, 37.09083203408445, 31.91151803354715, 30.139420604863187, 27.429911272687043, 28.74188047270481, 26.763067838519042, 20.71274243378633, 21.390361293893996, 18.475857834665543, 17.8135728485804, 25.847275494310907, 26.145598487723845], "max_shoulder_width_frame": 17, "max_hip_width_frame": 25, "max_shoulder_width": 0.3076370597526765, "max_hip_width": 0.19034623087583416}}}