{"version": "1.0", "meta": {"fps": 100.0, "width": 720, "height": 404, "created_at": "2025-10-24T16:00:00+09:00"}, "series": {"center_shift": {"frame": [1, 2, 3, 4, 5, 6, 7, 8, 9, 10, 11, 12, 13, 14, 15, 16, 17, 18, 19, 20, 21, 22, 23, 24, 25, 26, 27, 28, 29, 30, 31, 32, 33, 34, 35, 36, 37, 38, 39, 40, 41, 42, 43, 44, 45, 46, 47, 48, 49, 50, 51, 52, 53, 54, 55], "right_ratio": [null, null, null, null, null, null, null, 4.8, 1.1, 1.8, 2.7, 0.0, null, null, null, null, null, null, null, null, null, null, null, null, null, null, null, 8.3, null, 8.5, null, null, null, null, null, null, 1.5, 0.0, null, null, null, 1.4, 1.1, null, 1.1, null, null, 1.5, 3.3, 2.4, 2.6, null, 0.5, null, 0.2], "left_ratio": [null, null, null, null, null, null, null, 5.2, 8.9, 8.2, 7.3, 10.0, null, null, null, null, null, null, null, null, null, null, null, null, null, null, null, 1.7, null, 1.5, null, null, null, null, null, null, 8.5, 10.0, null, null, null, 8.6, 8.9, null, 8.9, null, null, 8.5, 6.7, 7.6, 7.4, null, 9.5, null, 9.8]}, "shoulder_hip_rotation": {"frame": [1, 2, 3, 4, 5, 6, 7, 8, 9, 10, 11, 12, 13, 14, 15, 16, 17, 18, 19, 20, 21, 22, 23, 24, 25, 26, 27, 28, 29, 30, 31, 32, 33, 34, 35, 36, 37, 38, 39, 40, 41, 42, 43, 44, 45, 46, 47, 48, 49, 50, 51, 52, 53, 54, 55], "shoulder_deg": [-0.0, -0.0, -0.0, -0.0, -0.0, -0.0, -0.0, -0.0, -0.0, -0.0, -0.0, -0.0, 0.0, 6.617654987789263, 9.29844922973153, 7.431568697087155, 13.39146532969544, 16.918133331449, 18.8120509548675, 19.53239608646465, 19.098537437458184, 21.026323118224887, 23.859465837486276, 26.56501805975503, 24.745653040244388, 25.81224148566463, 28.10776760423168, 29.993407672126764, 30.88992059010672, 31.85376994781192, 32.18847928456561, 34.203183621453135, 33.495959598758624, 36.65712161813475, 35.9795371381054, 33.4751747079678, 35.308128461833526, 36.32971476910993, 35.1435869478669, 35.920579549404785, 36.60695518802183, 34.17490733344019, 33.04247535961415, 36.938456088255045, 34.477947975743945, 35.685401421332486, 34.975184136401886, 34.014860572358636, 34.21968248316196, 32.87941126752294, 32.788710836036806, 30.673068544500055, 31.41943373627787, 30.25778534084891, 27.734007338728443], "hip_deg": [-82.13513474641739, -83.06863731984271, -84.03954702950328, -83.47364063076857, -79.78757594177644, -80.75897223551587, -77.90869777882422, -76.90305069766588, -81.26962597237672, -76.80528117485207, -77.08619316817672, -80.68025356585768, -81.1208586802429, -80.87195521874457, -81.19675862378311, -81.77871766678486, -79.83491586813102, -80.19918180121545, -83.84060854698119, -82.7406892194822, -77.17776380555517, -73.49522028714267, -87.1245466438416, -85.80399756289157, -83.98467999018042, -84.6237822886717, -78.58845708536691, -85.88969954882896, -78.86438643827437, -81.09834843342378, -76.67213250242533, -75.7025378808369, -73.88701360500544, -74.89798508901018, -76.03115507637956, 0.0, 80.63295465726233, 78.46465281149733, 78.91952997695523, 79.01268102158694, 77.20128750526801, 74.18785139490986, 70.23050219603823, 74.80527136462706, 75.5070645024313, 76.34784049188984, 74.89318134195035, 75.26076908114355, 76.57022970026868, 74.09272088795805, 76.99669210547947, 81.06027909660163, 78.56236423848353, 81.4115945127264, 84.70407382752528], "separation_deg": [-82.13513474641739, -83.06863731984271, -84.03954702950328, -83.47364063076857, -79.78757594177644, -80.75897223551587, -77.90869777882422, -76.90305069766588, -81.26962597237672, -76.80528117485207, -77.08619316817672, -80.68025356585768, -81.1208586802429, -87.48961020653384, -90.49520785351464, -89.21028636387202, -93.22638119782646, -97.11731513266444, -102.65265950184869, -102.27308530594686, -96.27630124301336, -94.52154340536757, -110.98401248132788, -112.3690156226466, -108.73033303042482, -110.43602377433633, -106.6962246895986, -115.88310722095572, -109.75430702838108, -112.95211838123569, -108.86061178699094, -109.90572150229004, -107.38297320376407, -111.55510670714493, -112.01069221448496, -33.4751747079678, 45.324826195428805, 42.134938042387404, 43.77594302908833, 43.09210147218216, 40.594332317246185, 40.01294406146967, 37.18802683642408, 37.866815276372016, 41.02911652668736, 40.662439070557355, 39.91799720554847, 41.245908508784915, 42.35054721710672, 41.21330962043511, 44.20798126944266, 50.38721055210158, 47.14293050220566, 51.153809171877484, 56.97006648879683], "max_shoulder_width_frame": 13, "max_hip_width_frame": 36, "max_shoulder_width": 0.3003467141508159, "max_hip_width": 0.46845170813321113}}}