{"version": "1.0", "meta": {"fps": 100.0, "width": 720, "height": 405, "created_at": "2025-09-02T14:14:37+09:00"}, "series": {"head_stability": {"frame": [1, 2, 3, 4, 5, 6, 7, 8, 9, 10, 11, 12, 13, 14, 15, 16, 17, 18, 19, 20, 21, 22, 23, 24, 25, 26, 27, 28, 29, 30, 31, 32, 33, 34, 35, 36, 37, 38, 39, 40, 41, 42, 43, 44, 45, 46, 47, 48, 49, 50, 51, 52, 53, 54, 55, 56, 57, 58, 59, 60, 61, 62, 63, 64, 65, 66, 67, 68, 69, 70, 71, 72, 73, 74, 75, 76, 77, 78, 79, 80, 81, 82, 83, 84, 85, 86, 87, 88, 89, 90, 91, 92, 93, 94, 95, 96, 97, 98, 99, 100, 101, 102, 103, 104, 105, 106, 107, 108, 109, 110, 111, 112, 113, 114], "x_px": [357.93555653001386, 366.75385703187476, 372.9312720667655, 376.6591544425451, 378.46045694203895, 378.8606069365423, 378.2554314541965, 376.9580205018757, 375.32329782068786, 373.6227307986914, 372.0431578145727, 370.61985651408776, 369.29676636639874, 367.96800568501885, 366.51956323889004, 364.8278421085277, 362.9964967333131, 361.1311560603174, 359.38576355404405, 357.9388978869047, 356.9003663431178, 356.3432556123829, 356.37642893176803, 357.1442502793185, 358.88461662450334, 361.85547719833875, 365.91418761812434, 370.54457462708126, 375.5542827409887, 380.8066745924201, 386.179636876553, 391.3510948209995, 396.0741604014886, 400.2347750227396, 403.9247545325381, 407.2440363340343, 410.1065157441455, 412.5359382438245, 414.621125723488, 416.302194387393, 417.45588483430413, 418.0520261532524, 418.10224641569397, 417.6303971629242, 416.622105077695, 415.1334812659241, 413.46284097879646, 411.859417140949, 410.42271471741014, 409.1828236597753, 408.22963185313444, 407.56269896588583, 407.12815595906125, 406.8623742538029, 406.72075863946276, 406.65083532331204, 406.5692815500943, 406.3814117394865, 405.98677484068935, 405.2605199008406, 404.03741293092867, 402.32426208183773, 400.3693522952396, 398.0163152400334, 395.0836804903399, 391.5045034819546, 387.47241915494936, 383.16597767512883, 378.6977955024822, 374.3407612095737, 370.4023502335163, 366.97819735123585, 363.9225741205153, 361.11945567209193, 358.4261025431001, 355.71390516221555, 352.9592120144902, 350.3224043676369, 347.8298591309633, 345.34453024287086, 342.71918023909984, 340.05289999153314, 337.602472569572, 335.47833592885127, 333.7538633932362, 332.510212925204, 331.73527327723866, 331.45899147033566, 331.75138582605183, 332.7933784762035, 334.8719342143312, 338.2484276092089, 342.67708547464565, 347.8737483611767, 353.5881995564026, 359.5346228934859, 365.5924472294205, 371.6308005442504, 377.5399918083305, 382.98520362193983, 387.8056666660301, 391.7656307310718, 394.7845830065045, 397.0349419353795, 398.58874975836005, 399.66260900493995, 400.43399048777064, 400.96398222714726, 401.2935004331687, 401.48022034116497, 401.5649551419832, 401.59020364513776, 401.5909530665299, 401.5896530370672], "y_px": [211.18098657435723, 216.322578076148, 219.9089359525721, 222.09658174280946, 223.25556744763543, 223.7449084775583, 223.84685584769284, 223.73546319250735, 223.51596934357386, 223.23573749447164, 222.9348455433457, 222.62423396236508, 222.3199953673598, 222.02522983671977, 221.71958237486888, 221.39766600663768, 221.0608282314626, 220.77013265005948, 220.57830223469398, 220.46449506283463, 220.40493727876063, 220.38099508538986, 220.383088679179, 220.41686502505885, 220.50268997873877, 220.69069008543678, 221.0536982360846, 221.6844519006177, 222.64222393817175, 223.88827266436132, 225.3875729099894, 226.92674767759792, 228.31918920337688, 229.4640987238946, 230.3322865084721, 230.9538574562971, 231.35211845514746, 231.56765588026227, 231.67305078378794, 231.71667902521503, 231.73021195470454, 231.75520561812098, 231.84690402649466, 232.0718056837153, 232.50409614344431, 233.18821064256835, 234.1747088723799, 235.43621834311037, 236.84011381490862, 238.20334489694702, 239.32987453390896, 240.19376899359955, 240.84313144542205, 241.41024005583947, 241.97667538026175, 242.54660583391941, 243.0833691255917, 243.5255600483589, 243.75396362765508, 243.64616686595093, 243.1007417564841, 241.99516398888554, 240.36378971013838, 238.25665967201095, 235.8023241790485, 233.20436197728415, 230.7969549761528, 228.80716502612998, 227.14612608256905, 225.74093856895186, 224.5512855342874, 223.49440424808668, 222.6175266881266, 221.9885259672045, 221.5648686082366, 221.2946967988509, 221.12151848638538, 221.0594571594122, 221.07885477162782, 221.1559804189494, 221.2503470614419, 221.32978361907988, 221.39407714968164, 221.4460697936088, 221.4948331493281, 221.54467638055846, 221.59755769409963, 221.64992328873382, 221.70056043165147, 221.73046821946616, 221.7170802011185, 221.65693287259887, 221.55340969809623, 221.44634535496246, 221.36295527530706, 221.36325112275182, 221.47739393823127, 221.7364587533473, 222.13407177867026, 222.6440726649567, 223.2377233005692, 223.86637176278984, 224.42452589342915, 224.93026356789258, 225.34590025117942, 225.65917875499093, 225.9002130325862, 226.0824946724384, 226.20622960777874, 226.28390048475512, 226.33041716318266, 226.35455009233766, 226.36811093587144, 226.38043897544756]}}}