{"version": "1.0", "meta": {"fps": 150.0, "width": 720, "height": 404, "created_at": "2025-10-24T20:36:45"}, "series": {"shoulder_hip_rotation": {"frame": [1, 2, 3, 4, 5, 6, 7, 8, 9, 10, 11, 12, 13, 14, 15, 16, 17, 18, 19, 20, 21, 22, 23, 24, 25, 26, 27, 28, 29, 30, 31, 32, 33, 34, 35, 36, 37, 38, 39, 40, 41, 42, 43, 44, 45, 46, 47, 48, 49, 50, 51, 52, 53, 54, 55, 56, 57, 58, 59, 60, 61, 62, 63, 64, 65, 66, 67, 68, 69, 70, 71, 72, 73, 74, 75, 76, 77, 78, 79, 80, 81, 82, 83, 84, 85, 86, 87, 88, 89, 90, 91, 92, 93, 94, 95, 96, 97, 98, 99, 100, 101, 102, 103, 104, 105, 106, 107, 108], "shoulder_deg": [-15.43664463344955, -15.493032776037017, -14.97935081073693, -14.478385467852041, -16.27951084732305, -15.254990608430605, -15.145691960963411, -15.11965733775068, -15.501343332691578, -15.262345712000965, -14.64635576186789, -14.65377994694352, -15.354058678048963, -14.80338521475458, -14.491022273502539, -15.441355725725954, -16.54511413784398, -14.955614998448755, -15.20512515934267, -15.585145828054376, -15.843772582059291, -15.702344846170677, -14.941927837229427, -14.56154027219731, -15.302201435313442, -15.118081704740725, -15.147600235538508, -13.662233820946863, -14.341396912343837, -14.176712458338777, -13.94721917617127, -12.291596701484078, -13.896504928546339, -14.639994596678408, -14.349597815578187, -14.221295423447465, -16.164628994279514, -16.66450200315493, -18.378686377252297, -17.4678398711401, -14.94657087982225, -15.460863363979568, -15.895213559237552, -16.742101095123285, -16.899403647865665, -15.723840541269027, -16.51796804573108, -16.26952906598027, -13.9189434547522, -14.754462214230193, -15.222170284256894, -14.501776851223422, -13.402485727516506, -12.640726828747674, -13.179178160480825, -13.20129679294849, -14.20872028090567, -14.455979759292862, -13.491829443534883, -12.196931039352979, -12.902114137212411, -12.928988352713095, -13.304483141635703, -13.401043423143578, -13.178769706136691, -13.120657104840701, -12.779982137170807, -11.904978799552397, -10.96015561866062, -10.632077696855976, -10.840502733681921, -10.422177847124287, -9.342400559606189, -8.951142106564765, -8.175871644332194, -9.31624173940535, -7.770450118376093, -7.41992924407881, -7.212727934231653, 0.0, 10.69631884060529, 8.37341699183904, 10.094713646932066, 11.354461917839842, 11.719463457881716, 11.356131386329228, 11.7890319105957, 13.159154840363575, 10.659189070713008, 11.06752397940893, 11.14491161281667, 9.244237068094975, 9.277740798046466, 12.059050941445433, 12.401685580659988, 11.50258623121148, 11.83967942791986, 11.166320822335306, 9.515397291844153, 10.049712417987255, 8.06417080065862, 9.12220120046508, 8.584118603038455, 10.492985441871502, 10.326166740326213, 10.417721113262752, 9.851986933329899, 9.088370678182105], "hip_deg": [-62.52328172768211, -62.82710120240411, -63.24342127675467, -61.398121147812624, -61.43447544909496, -61.4283802585206, -63.60548548681458, -62.83090385079243, -44.948703942609384, -48.07149699099382, -47.82072493935921, -62.31563149962633, -48.289049681782664, -47.44092816574909, -51.628213809450145, -60.096569648771805, -54.332136150167145, -54.31074279547405, -53.63027265891906, -54.431801855548855, -53.899476851895116, -53.32955094699452, -53.621373652589774, -53.46425536076723, -53.34984568052069, -51.41110601715146, -57.9660943238785, -54.31044549452893, -53.156816309760366, -51.47331075759131, -38.787420431415235, -46.82700445799065, -45.811683324343626, -47.120401773402946, -31.40121867186811, -46.86081080901452, -56.222673517259175, -57.45120574611232, -58.829723515886606, 0.0, 53.81024096670193, 51.897836683717, 54.86170510672735, 64.57984138425086, 28.904343843615884, 54.14387259404143, 56.14989925020123, 57.99004675770811, 79.03279011282761, 78.72488187492333, 54.27294830664699, 65.18819572915143, 70.80594356910301, 78.83124749159937, 60.79548342642585, 67.57646318919558, 68.08630856929858, 69.17466746326535, 68.24601536245987, 68.67666261270251, 69.05530500088224, 67.7931790979465, 67.46735209994306, 66.32759245858483, 67.36433162926163, 67.79909890993308, 68.03837488891757, 68.24600228668801, 69.63177658150921, 81.11828470920261, 81.71500660197296, 81.29367995442543, 81.14632488024608, 81.1587282027158, 83.84157729592809, 84.47383872664314, 83.70784056867853, 81.99794572746961, 83.25133507671336, 78.59670819141515, 61.01101704501691, 58.35422884487482, 57.9268321511882, 67.36598352317253, 67.85000681654617, 67.41224272241803, 67.2894774796469, 66.66544707412694, 60.967893211241034, 62.558711706417654, 62.82769578307346, 67.85667544974079, 64.34840335105872, 65.30321248815793, 64.94989744302136, 63.27939404471209, 67.89574648794763, 66.54046152725167, 65.25579935396122, 23.590759935323018, 27.124880267426413, 58.66055019067497, 62.75105723909626, 55.36011984015908, 54.201504516626756, 50.8140528371389, 55.70786228262618, 59.19801164424554], "separation_deg": [-47.08663709423256, -47.33406842636709, -48.264070466017735, -46.91973567996058, -45.15496460177191, -46.173389650089995, -48.45979352585117, -47.71124651304175, -29.44736060991781, -32.80915127899286, -33.17436917749132, -47.661851552682805, -32.9349910037337, -32.637542950994515, -37.13719153594761, -44.65521392304585, -37.78702201232316, -39.35512779702529, -38.42514749957639, -38.846656027494475, -38.05570426983583, -37.62720610082385, -38.679445815360346, -38.90271508856992, -38.047644245207245, -36.293024312410736, -42.81849408833999, -40.64821167358207, -38.81541939741653, -37.29659829925253, -24.840201255243965, -34.53540775650657, -31.915178395797287, -32.48040717672454, -17.051620856289922, -32.63951538556705, -40.05804452297966, -40.78670374295739, -40.451037138634305, 17.4678398711401, 68.75681184652419, 67.35870004769657, 70.7569186659649, 81.32194247937414, 45.803747491481545, 69.86771313531045, 72.66786729593231, 74.25957582368838, 92.95173356757981, 93.47934408915351, 69.49511859090389, 79.68997258037486, 84.20842929661951, 91.47197432034704, 73.97466158690668, 80.77775998214406, 82.29502885020425, 83.63064722255821, 81.73784480599475, 80.87359365205549, 81.95741913809465, 80.7221674506596, 80.77183524157876, 79.72863588172841, 80.54310133539832, 80.91975601477378, 80.81835702608838, 80.1509810862404, 80.59193220016984, 91.75036240605858, 92.55550933565488, 91.71585780154972, 90.48872543985227, 90.10987030928057, 92.01744894026028, 93.7900804660485, 91.47829068705462, 89.41787497154843, 90.46406301094501, 78.59670819141515, 50.31469820441161, 49.980811853035775, 47.83211850425614, 56.01152160533269, 56.130543358664454, 56.056111336088804, 55.50044556905121, 53.50629223376337, 50.30870414052802, 51.49118772700872, 51.68278417025679, 58.612438381645816, 55.070662553012255, 53.24416154671249, 52.54821186236137, 51.77680781350061, 56.05606706002777, 55.37414070491636, 55.74040206211707, 13.541047517335763, 19.060709466767793, 49.53834899020989, 54.16693863605781, 44.867134398287575, 43.87533777630054, 40.39633172387615, 45.855875349296284, 50.10964096606344], "max_shoulder_width_frame": 80, "max_hip_width_frame": 40, "max_shoulder_width": 0.30394821708076175, "max_hip_width": 0.28033463365246375}}}