{"version": "1.0", "meta": {"fps": 100.0, "width": 720, "height": 405, "created_at": "2025-08-28T16:40:39"}, "series": {"shoulder_hip_rotation": {"frame": [1, 2, 3, 4, 5, 6, 7, 8, 9, 10, 11, 12, 13], "shoulder_deg": [-14.78140141182826, -10.233399143007473, -6.083949237242282, -2.593864412097216, 0.0, 2.2455531644049835, 3.866342076930227, 5.0925102398712125, 6.012376747158304, 6.7114355418145815, 7.244974884110066, 7.672523713703974, 8.049016380100737], "hip_deg": [-15.056458134599122, -10.353040952621486, -5.893191413078866, -2.4087136395435995, 0.0, 2.7661488936084813, 4.400856800807794, 5.6285151531616195, 6.55318225322545, 7.2249530521907035, 7.708650156619009, 8.057850055267183, 8.362600873646414], "max_shoulder_width_frame": 5, "max_hip_width_frame": 5, "max_shoulder_width": 0.3448757840555118, "max_hip_width": 0.20803958025902536}}}