{"version": "1.0", "meta": {"fps": 100.0, "width": 720, "height": 405, "created_at": "2025-09-01T10:52:30"}, "series": {"shoulder_hip_rotation": {"frame": [1, 2, 3, 4, 5, 6, 7, 8, 9, 10, 11, 12, 13, 14, 15, 16, 17, 18, 19, 20, 21, 22, 23, 24, 25, 26, 27, 28, 29, 30, 31, 32, 33, 34, 35, 36, 37, 38, 39, 40, 41, 42, 43, 44, 45, 46, 47, 48, 49, 50, 51, 52, 53, 54, 55, 56, 57, 58, 59, 60, 61, 62, 63, 64, 65, 66, 67, 68, 69, 70, 71, 72, 73, 74, 75, 76, 77, 78, 79, 80, 81, 82, 83, 84, 85, 86, 87, 88, 89, 90, 91, 92, 93, 94, 95, 96, 97, 98, 99, 100, 101, 102, 103, 104, 105, 106, 107, 108, 109, 110, 111, 112, 113, 114, 115, 116, 117, 118, 119, 120, 121, 122, 123, 124, 125, 126, 127, 128, 129, 130, 131, 132, 133, 134, 135, 136, 137, 138, 139, 140, 141, 142, 143, 144, 145, 146, 147, 148, 149, 150, 151, 152, 153, 154, 155, 156, 157, 158, 159, 160, 161, 162, 163, 164, 165, 166, 167, 168, 169, 170, 171, 172, 173, 174, 175], "shoulder_deg": [-30.96797808857268, -28.865443305444213, -27.416181707130548, -26.664191562797285, -26.454777090127305, -26.568273195002444, -26.8274835730298, -27.100307862511663, -27.325426570557752, -27.478389773604523, -27.545751592510573, -27.533774364197775, -27.44567449119193, -27.28587833281763, -27.07577109191977, -26.875976545076263, -26.77493049203808, -26.76999446830412, -26.841643638618127, -26.948633534692426, -27.036423756699165, -27.11155303385851, -27.178795403526554, -27.2535717937042, -27.331687260527218, -27.410990420740138, -27.492428076576143, -27.58643376057372, -27.649442873813964, -27.666210955169067, -27.633222449644094, -27.54829812979195, -27.407999080150212, -27.202213039467818, -26.937681176590583, -26.64427748881722, -26.34633107030469, -26.038228378923417, -25.741865799149938, -25.505949627124497, -25.34496476537169, -25.245861439182985, -25.18620470644305, -25.137072821245894, -25.065669520790134, -24.934029150043045, -24.701446689816912, -24.376378794774652, -23.970682841305642, -23.492146152159968, -22.953861957009217, -22.396591615619624, -21.818574266276187, -21.141527142643383, -20.291518044799535, -19.254515481345315, -18.024873608137433, -16.68717467812011, -15.251492192120752, -13.64357143832727, -11.823179377092902, -9.814353188531285, -7.609546571085014, -5.338868194328429, -3.4259498438961593, -2.400740001618935, -1.9540295925835478, -1.2819645579620516, 0.0, 0.6428058950866224, 1.8303958615543756, 2.9089127172953377, 3.6803361703893964, 4.164152603339568, 4.4155835717661525, 4.508064811017955, 4.565537773564361, 4.644158484764027, 4.701051783873156, 4.773867007342833, 4.929240339292993, 5.244527901377057, 5.7705504411733335, 6.50134048424929, 7.441000978753752, 8.422337419757296, 9.410877128435635, 10.407072417969962, 11.634466943485933, 13.129594382898828, 14.72649126435843, 16.31921714063039, 17.81996325049655, 19.22493202254543, 20.54357631587068, 21.74601732459035, 22.773825564478166, 23.628283241453648, 24.31617608260646, 24.883738515326865, 25.375151132384584, 25.847985552443067, 26.376423363331735, 26.960490183113343, 27.580590580834368, 28.215119535262637, 28.792763635461224, 29.269060782814794, 29.604942814969515, 29.81699795985273, 29.90431727328902, 29.871283873857777, 29.78482122662852, 29.631772118510348, 29.54949223348836, 29.534440216594597, 29.550611199806802, 29.516087271524075, 29.421555389931424, 29.26534182517404, 29.077903635994154, 28.894196243500026, 28.74500688095898, 28.63239285236851, 28.57844516306235, 28.5953631825445, 28.699219101469833, 28.919792915991305, 29.25938584358778, 29.702291064851035, 30.248104448784808, 30.869593176447594, 31.54009393987682, 32.2484439432637, 33.07386354436187, 34.08646788427442, 35.28969996928547, 36.577143843462515, 37.81250931217405, 38.93785426314256, 39.93530557611225, 40.81238748534902, 41.56544004807985, 42.232899733297906, 42.88677073946096, 43.64594048406715, 44.565285566328015, 45.686414303433324, 46.97499589418498, 48.38164226097204, 49.79309945471792, 51.160035525126816, 52.46577565640247, 53.688412952266034, 54.8100671443745, 55.84829837095059, 56.91218196178866, 57.99172363824651, 59.06662235145687, 59.980045669003495, 60.7618362034674, 61.43700056015053, 62.10719440087669, 62.83239520300212, 63.644314639927714, 64.50404553549039, 65.23832263677826, 65.7339485672016, 66.01539117335548, 66.13254892135623, 66.13208096581585, 66.03859329046632, 65.90583590945772, 65.77627409349124, 65.64941712573513], "hip_deg": [-41.42287709272643, -39.88310902109372, -38.806315964865654, -38.17919219067611, -37.87363766442937, -37.750610424512445, -37.70628135278052, -37.72252951729873, -37.79895888354182, -37.925316779610576, -38.06691129307707, -38.201330139153704, -38.29327957870162, -38.34123206992687, -38.373896073111055, -38.38394298757206, -38.351232920093835, -38.19191337254558, -37.84906635902417, -37.216838683841864, -36.17804252933164, -34.82001844989302, -33.16857039150201, -31.107311217974942, -29.04265533504974, -27.437817292262352, -26.456948572136117, -25.966571976734397, -25.84200690678908, -25.919956886008894, -26.088707804975982, -26.281858201623614, -26.462837517671478, -26.5909338314178, -26.649673018324126, -26.58916839847729, -26.379829109537837, -26.059490352194338, -25.696168094295313, -25.39914813808546, -25.20033451336882, -25.081820922203306, -25.006634192360554, -24.957093027328675, -24.92243334990724, -24.883293803263687, -24.82074634888479, -24.7286076040772, -24.59473092086976, -24.420854215771367, -24.288418475766022, -24.212980051549554, -24.321078452529434, -24.34016716209403, -24.161858007037456, -23.777870874218117, -23.087791507680965, -22.06580845790949, -20.634288332623893, -18.979332073094337, -17.30063419229961, -15.741875347519064, -14.375834947290597, -13.090946674572773, -11.80073023543864, -10.495187948208272, -9.04799547403394, -7.345737941649054, -5.432246869649875, -3.2940227227462744, -1.088393134685893, 0.0, 2.6134341224569453, 4.6140530791408, 6.340915716178806, 7.701450979260774, 8.799959460160132, 9.769398750064639, 10.683792291959348, 11.540968206124294, 12.368119816096995, 13.282022543903146, 14.40606224326646, 15.722110878285775, 17.144874079480747, 18.53770879432461, 20.00167647444314, 21.618498726187294, 23.424631521861645, 25.42655964906221, 27.481123702726315, 29.29896136420576, 30.78336533253589, 31.952969253793945, 32.92659746923003, 33.689616728102514, 34.24364799601977, 34.58982422455681, 34.80540641767371, 34.91563993369388, 34.9810080573463, 35.10587717482741, 35.355435357151535, 35.712033862984406, 36.14234996305571, 36.59820303292608, 37.034174834673735, 37.409290331194235, 37.705658697307996, 37.95048929455699, 38.16920595807939, 38.35175531156488, 38.47555563933565, 38.52444881403307, 38.535766927688314, 38.536668736395974, 38.51318693765144, 38.46236138131807, 38.38856156896304, 38.29984183874878, 38.20653873579724, 38.113795915105854, 38.02572783274862, 37.95808874313874, 37.97605772009798, 38.119700963396326, 38.33428452559066, 38.48264228106325, 38.51003795126794, 38.42212631569524, 38.27239595742921, 38.09562895824278, 37.90646504579636, 37.721789118729006, 37.62451372973263, 37.674202324437594, 37.9195869749706, 38.321547936972834, 38.818045359300136, 39.38248240368457, 39.93919239646259, 40.49922679488978, 41.15926687817098, 41.92281514920044, 42.70693035937688, 43.46894609230115, 44.37776956584224, 45.62023575565499, 46.96184467609682, 48.06777613733558, 48.95751367659726, 49.63579522568696, 50.05056583019589, 50.142886066380385, 49.959038963254336, 49.52485893058722, 49.06127701861032, 48.74227681707079, 48.59576400662887, 48.59495944954867, 48.70548839732499, 48.87715503255024, 49.048715498901984, 49.04253383158356, 48.92304873552173, 48.71269438217341, 48.47182198680825, 48.21371109207926, 47.87095839393705, 47.36458020334904, 46.74531972569106, 46.09678041205446, 45.49514505233882, 44.96223116518713, 44.432930539407444], "max_shoulder_width_frame": 69, "max_hip_width_frame": 72, "max_shoulder_width": 0.32171553059730756, "max_hip_width": 0.1977419759395436}}}