{"version": "1.0", "meta": {"fps": 100.0, "width": 720, "height": 404, "created_at": "2025-09-15T14:00:27+09:00"}, "series": {"center_shift": {"frame": [1, 2, 3, 4, 5, 6, 7, 8, 9, 10, 11, 12, 13, 14, 15, 16, 17, 18, 19, 20, 21, 22, 23, 24, 25, 26, 27, 28, 29, 30, 31, 32, 33, 34, 35, 36, 37, 38, 39, 40], "right_ratio": [1.9, 1.9, 1.9, 2.1, 2.3, 2.3, 2.4, 2.3, 2.3, 2.3, 2.4, 2.4, 2.4, 2.5, 2.5, 2.5, 2.5, 2.5, 2.6, 2.6, 2.8, 2.8, 3.0, 3.1, 3.1, 3.1, 3.1, 3.1, 3.1, 3.1, 3.0, 3.0, 3.0, 3.1, 3.2, 3.3, 3.3, 3.3, 3.3, 3.3], "left_ratio": [8.1, 8.1, 8.1, 7.9, 7.7, 7.7, 7.6, 7.7, 7.7, 7.7, 7.6, 7.6, 7.6, 7.5, 7.5, 7.5, 7.5, 7.5, 7.4, 7.4, 7.2, 7.2, 7.0, 6.9, 6.9, 6.9, 6.9, 6.9, 6.9, 6.9, 7.0, 7.0, 7.0, 6.9, 6.8, 6.7, 6.7, 6.7, 6.7, 6.7]}, "shoulder_hip_rotation": {"frame": [1, 2, 3, 4, 5, 6, 7, 8, 9, 10, 11, 12, 13, 14, 15, 16, 17, 18, 19, 20, 21, 22, 23, 24, 25, 26, 27, 28, 29, 30, 31, 32, 33, 34, 35, 36, 37, 38, 39, 40], "shoulder_deg": [-32.670683576992225, -32.7306626770597, -32.793072817464065, -32.8164411463901, -32.795015460550175, -32.55294539913393, -32.10222173551029, -31.171283564233402, -30.131733880352204, -29.065219209338103, -28.119195512654546, -27.381057969915823, -26.65569793731992, -25.834955201671267, -25.072132781226028, -24.071613742154486, -23.139133975012523, -22.107406517849878, -21.02609320247162, -19.87073692862568, -17.31904797872185, -13.840177558333664, -10.987699668568705, -9.263380806399331, -8.741414637764287, -8.84800602434585, -9.022901953880755, -9.068087216520654, -8.9192364874944, -8.654197287355538, -8.366432478239515, -7.986962273201112, -7.6402898029540145, -7.130551746542119, -6.358172465310739, -5.653574460912032, -4.6660166139175985, -3.4930311446823654, -2.3556636825561186, 0.0], "hip_deg": [-29.88922767889285, -30.150913197082414, -30.310841125448693, -30.56742670123981, -30.638717840091065, -30.68683625463736, -30.57727990173817, -29.797306314026766, -28.844979491207713, -28.09934473057103, -27.566317956926117, -27.18245648449906, -26.830957364894015, -26.101478709962244, -25.150227578232425, -24.05187739111725, -22.920696618384913, -21.733517444936183, -20.201295555940717, -18.21663299403493, -15.580150495440101, -13.128952505350114, -11.846102897754207, -11.02004345306485, -10.0459493262974, -9.791958896534545, -9.858900127852275, -10.018089306513001, -10.088157445494115, -9.945749152612034, -9.842259010123833, -9.750042158823996, -9.301946558715095, -8.346879400230256, -7.303528235413876, -6.3767827116886195, -4.816140204053124, -2.848715776205543, -1.2581276477053571, 0.0], "separation_deg": [2.7814558980993738, 2.579749479977284, 2.4822316920153717, 2.249014445150287, 2.15629762045911, 1.8661091444965727, 1.5249418337721217, 1.3739772502066359, 1.286754389144491, 0.9658744787670734, 0.5528775557284291, 0.1986014854167628, -0.17525942757409396, -0.2665235082909767, -0.07809479700639699, 0.01973635103723481, 0.21843735662761077, 0.3738890729136948, 0.8247976465309037, 1.6541039345907471, 1.7388974832817503, 0.7112250529835507, -0.8584032291855017, -1.7566626466655197, -1.3045346885331135, -0.9439528721886958, -0.8359981739715199, -0.9500020899923474, -1.168920957999715, -1.291551865256496, -1.4758265318843176, -1.7630798856228846, -1.6616567557610802, -1.2163276536881362, -0.945355770103137, -0.7232082507765876, -0.15012359013552512, 0.6443153684768226, 1.0975360348507615, 0.0], "max_shoulder_width_frame": 40, "max_hip_width_frame": 40, "max_shoulder_width": 0.3204666079549689, "max_hip_width": 0.20758256866786268}}}