{"version": "1.0", "meta": {"fps": 100.0, "width": 720, "height": 405, "created_at": "2025-09-02T11:03:34"}, "series": {"shoulder_hip_rotation": {"frame": [1, 2, 3, 4, 5, 6, 7, 8, 9, 10, 11, 12, 13, 14, 15, 16, 17, 18, 19, 20, 21, 22, 23, 24, 25, 26, 27, 28, 29, 30, 31, 32, 33, 34, 35, 36, 37, 38, 39, 40, 41, 42, 43, 44, 45, 46, 47, 48, 49, 50, 51, 52, 53, 54, 55, 56, 57, 58, 59, 60, 61, 62, 63, 64, 65, 66, 67, 68, 69, 70, 71, 72, 73, 74, 75, 76, 77, 78, 79, 80, 81, 82, 83, 84, 85, 86, 87, 88, 89, 90, 91, 92, 93, 94, 95, 96, 97, 98, 99, 100, 101, 102, 103, 104, 105, 106, 107, 108, 109, 110, 111, 112, 113, 114, 115, 116, 117, 118, 119, 120, 121, 122, 123, 124, 125, 126, 127, 128, 129, 130, 131, 132, 133, 134, 135, 136, 137, 138, 139, 140, 141, 142, 143], "shoulder_deg": [-31.731007204843685, -28.97941823881315, -26.759926905168246, -25.13436655467823, -24.0973970750931, -23.591921291397014, -23.534205784134137, -23.763638045709975, -24.23378568660207, -24.968715734578925, -26.01874449353885, -27.49162232671373, -29.38161963094102, -31.59695084575036, -33.863953909988055, -36.067149425309495, -38.05536287028543, -39.82086209539265, -41.3119295663699, -42.44521461170807, -43.29498506636639, -43.928108856864284, -44.36171772975354, -44.60137834240326, -44.706448451955744, -44.73112270029919, -44.701052540975276, -44.632961712647635, -44.537211219729535, -44.41878234916042, -44.27662195628655, -44.11118003753573, -43.94127082478149, -43.75628122698527, -43.52717506843094, -43.22398182905849, -42.8491100759065, -42.419572329669414, -41.94462451653933, -41.45110751915104, -40.93029165676992, -40.36958335760422, -39.77142942539996, -39.11048756052536, -38.33460261558353, -37.37110566878434, -36.23479345806691, -34.94784916089956, -33.48265280257715, -31.82660624815165, -29.95497027475426, -27.89251534050598, -25.762857304415085, -23.705898815494947, -21.62638187390283, -19.539346953901774, -17.42730224033765, -15.296954981288385, -13.11340093016912, -10.874623188356484, -8.481602995629144, -5.854114411918812, -2.9763864154361905, 0.0, 2.6839345262369405, 5.119173416255769, 7.6569396001206, 10.151811232638428, 12.419966082355554, 14.375996396086997, 16.038498260970467, 17.51292369999695, 18.878408749008567, 20.043818243848737, 20.933728196660837, 21.493893545990257, 22.006554920504463, 22.597186918632367, 23.436438272852648, 24.786519484715456, 26.633556692054192, 28.795699163387102, 31.10398101028682, 33.21742358420199, 35.08930025798299, 36.84507742987355, 38.59386279628342, 40.345034240012666, 42.19692802969508, 44.30025799289158, 46.66417599059576, 49.216054154340206, 51.83819857542582, 54.40362174517671, 56.9273342426138, 59.285285521830346, 61.249951192303094, 62.77318257168904, 63.96501404172235, 64.91045062341281, 65.59561173259824, 66.09515096419247, 66.51562516478197, 66.87616437040079, 67.14174203059038, 67.29381237527764, 67.30171071854998, 67.12738300019515, 66.74298044587873, 66.08770563878997, 65.16924247791587, 64.15709234245739, 63.09746890023234, 62.10723697540551, 61.28108674871868, 60.601383205907396, 60.035744164424294, 59.56893862517746, 59.11264939116843, 58.65186474829469, 58.1851671896013, 57.67940779701177, 57.14299029296087, 56.62872534075547, 56.156613405829326, 55.78059127276128, 55.470554788961415, 55.18986974133314, 54.934916396761345, 54.696202252063294, 54.4299301162415, 54.09247627412188, 53.67561081959971, 53.207571039600495, 52.732199744517004, 52.25585153977591, 51.74710838653293, 51.216522490818384, 50.68066699475847, 50.176436564813905, 49.75730498438408, 49.40965940085284, 49.08800661301727], "hip_deg": [-17.24582665278423, -11.177438481026282, -0.0, -0.0, -0.0, -0.0, -0.0, -0.0, -0.0, -0.0, -0.0, -7.830061514000345, -11.48154352769156, -14.374730400161802, -16.49596354205686, -17.85395613766074, -18.64762735088667, -19.0629821777566, -19.21803021141515, -19.219593424717893, -19.10690060319613, -18.923646486322, -18.726107538286854, -18.534716091462066, -18.36864777580125, -18.231736773781634, -18.105948407808523, -17.95854221071293, -17.77524170551901, -17.53804623098003, -17.255996847008277, -16.96075521705716, -16.669553369932995, -16.396765734090614, -16.15830696288379, -15.938390231171342, -15.692055713231031, -15.408985550395716, -15.11533465687018, -14.785784379347042, -14.41856182516025, -14.068814208269538, -13.792415183336255, -13.387111728163138, -12.712410383282403, -11.617939264229028, -9.911705706370485, -7.693551424225441, -5.2482467039674265, -2.667219311547306, 0.0, 2.702831153981165, 5.583987870589076, 8.53622582495805, 11.273996186686116, 13.846614085975817, 16.323880305508187, 18.249427913669724, 19.768433651393305, 20.912765531166855, 21.674353974877704, 22.044544779219407, 22.026855031903967, 21.587427786704318, 20.668049173200114, 19.52859403032173, 18.17561976548623, 16.81321854970211, 15.695365723995529, 14.966311447709673, 14.707087649318098, 14.93100645915579, 15.416320074480058, 16.122825795533867, 16.813448502600103, 17.613283154681675, 18.740196723012406, 20.10174318754901, 22.0713223440382, 24.50784963257133, 26.684615484253914, 28.43528774396708, 29.865881450783093, 31.096374770699363, 32.1925892477534, 33.255195904665676, 34.35670021706718, 35.58401528744289, 36.71845779916949, 37.53244373358541, 38.0507842548304, 38.3695849280889, 38.52413837139351, 38.37317106493207, 38.012978812827704, 37.35357804115232, 36.377695763413676, 35.00407411490752, 33.42604418652439, 32.00064072441166, 30.899336837766203, 30.266350735927055, 29.96538241249359, 29.845898971233314, 29.763434525545325, 29.656656077758832, 29.503483657494062, 29.29709813333353, 29.026712457678883, 28.5905729710118, 27.960456621347756, 27.29343254180243, 26.833132042538693, 26.765027145903677, 27.114112510332642, 27.994753141310724, 29.240799792209124, 30.614630360518625, 32.09677855708119, 33.536659406947585, 34.80980628852212, 35.9996479351375, 37.234351797339215, 38.321636715574286, 39.418209100351135, 40.61197933218867, 41.775639338171416, 42.852101280010416, 43.70962633895171, 44.402604011562616, 44.87993981405794, 45.166451673778006, 45.28225014786497, 45.269992382734266, 45.170892847799195, 44.977092043157505, 44.682266541693174, 44.30312541432717, 43.871779518110294, 43.417552277755966, 42.983010105904455, 42.54310890556702, 42.065378201191066],