{"version": "1.0", "meta": {"fps": 100.0, "width": 720, "height": 405, "created_at": "2025-09-11T13:26:26+09:00"}, "series": {"center_shift": {"frame": [1, 2, 3, 4, 5, 6, 7, 8, 9, 10, 11, 12, 13, 14, 15, 16, 17, 18, 19, 20, 21, 22, 23, 24, 25, 26, 27, 28, 29, 30, 31, 32, 33, 34, 35, 36, 37, 38, 39, 40, 41, 42, 43, 44, 45, 46, 47, 48, 49, 50, 51, 52, 53, 54, 55, 56, 57, 58, 59, 60, 61, 62, 63, 64, 65, 66, 67, 68, 69, 70, 71, 72, 73, 74], "right_ratio": [3.7, 3.7, 3.6, 3.5, 3.3, 3.2, 3.0, 3.0, 2.9, 2.7, 2.7, 2.7, 2.7, 2.6, 2.6, 2.6, 2.6, 2.6, 2.6, 2.6, 2.5, 2.5, 2.5, 2.3, 2.3, 2.1, 2.1, 2.1, 2.1, 2.0, 1.9, 1.9, 1.7, 1.6, 1.5, 1.4, 1.5, 1.6, 1.7, 1.9, 2.2, 2.4, 2.7, 2.9, 3.1, 3.4, 3.7, 4.1, 4.4, 4.5, 4.4, 4.1, 3.8, 3.4, 3.1, 3.0, 3.1, 3.4, 3.7, 4.0, 4.4, 4.6, 4.9, 5.0, 5.1, 5.2, 5.3, 5.2, 5.2, 5.0, 4.9, 4.8, 4.7, 4.7], "left_ratio": [6.3, 6.3, 6.4, 6.5, 6.7, 6.8, 7.0, 7.0, 7.1, 7.3, 7.3, 7.3, 7.3, 7.4, 7.4, 7.4, 7.4, 7.4, 7.4, 7.4, 7.5, 7.5, 7.5, 7.7, 7.7, 7.9, 7.9, 7.9, 7.9, 8.0, 8.1, 8.1, 8.3, 8.4, 8.5, 8.6, 8.5, 8.4, 8.3, 8.1, 7.8, 7.6, 7.3, 7.1, 6.9, 6.6, 6.3, 5.9, 5.6, 5.5, 5.6, 5.9, 6.2, 6.6, 6.9, 7.0, 6.9, 6.6, 6.3, 6.0, 5.6, 5.4, 5.1, 5.0, 4.9, 4.8, 4.7, 4.8, 4.8, 5.0, 5.1, 5.2, 5.3, 5.3]}, "shoulder_hip_rotation": {"frame": [1, 2, 3, 4, 5, 6, 7, 8, 9, 10, 11, 12, 13, 14, 15, 16, 17, 18, 19, 20, 21, 22, 23, 24, 25, 26, 27, 28, 29, 30, 31, 32, 33, 34, 35, 36, 37, 38, 39, 40, 41, 42, 43, 44, 45, 46, 47, 48, 49, 50, 51, 52, 53, 54, 55, 56, 57, 58, 59, 60, 61, 62, 63, 64, 65, 66, 67, 68, 69, 70, 71, 72, 73, 74], "shoulder_deg": [-20.231388219331293, -17.181408872186438, -15.064930548027817, -14.138302073227276, -14.131302650766406, -14.70666113579508, -15.514870888640143, -16.20196562248203, -16.785239516859892, -17.266039697350045, -17.61835755027264, -17.778482372103117, -17.79877540451201, -17.742389766497478, -17.57670551682096, -17.375405271283913, -17.157850161818384, -16.908283233880994, -16.58962219335574, -16.264666421860568, -16.053653438534052, -15.996491054280622, -16.040807398116957, -16.13782832375943, -16.232181161379497, -16.344712212313155, -16.453631044329047, -16.543553081443843, -16.56578479187842, -16.514280539253726, -16.364458880997834, -16.1312928229833, -15.769232066100974, -15.302572350310367, -14.726385442309743, -14.127468525636978, -13.526811635896037, -13.194478114932238, -13.195143241730577, -13.57792256925619, -14.205173752082967, -14.92592310871987, -15.635410152323782, -16.08326573505902, -16.39695198424381, -16.792075952668366, -17.22219058936425, -17.46011071444334, -17.532334029080996, -17.936842467873994, -18.75661895818438, -19.79942349303241, -20.866866515586732, -21.871273396166593, -22.726756000054863, -23.319706613291128, -23.57734574741175, -23.639306514070494, -23.54159278801361, -23.299278037301043, -23.01077724254654, -22.62526750364236, -22.041333258801902, -21.175052942806943, -20.08182519482792, -18.70763461683571, -17.164618189219148, -15.623149685040982, -13.959138614358466, -12.022589202171677, -9.904215664225111, -7.811332850521124, -5.421601407069787, 0.0], "hip_deg": [-16.544656347676888, -12.104131147410428, -7.905088652504311, -4.33277084856778, -1.5389364632725213, -1.6793637654048297, -3.284222090473272, -4.667022305391897, -5.872771726359812, -7.037867310264489, -7.920609455964685, -8.508799489629805, -8.9002529858032, -9.136884660982577, -9.274817245918829, -9.342937765469152, -9.287604738213616, -9.140690388564805, -8.853616879220167, -8.584502834701278, -8.366580042688666, -8.22124020384785, -8.142865693239523, -8.147929172947029, -8.21525007514037, -8.288429312545043, -8.318755021669748, -8.202180481913011, -7.941132749576992, -7.51422733492506, -6.847610307802238, -5.933239786819848, -4.619025248862154, -2.8682529045013445, 0.0, 1.6899410677295543, 4.052986009926, 6.215036771190296, 8.082507420583049, 9.848606865329726, 11.423254453255025, 12.771353312749495, 14.0382849091978, 15.031335156758914, 15.709287867790813, 16.071830267149632, 16.290530959359394, 16.49383760331073, 16.925236218110047, 18.091775640602865, 20.11162851060717, 22.467930338412454, 24.72541389931487, 26.6580112773289, 28.216637794582706, 29.313049810786495, 29.753718942836002, 29.699128600458646, 29.36596334369976, 28.793357105100082, 27.984983004248168, 26.840984943896366, 25.350202763667077, 23.774062044937043, 22.207106558910443, 20.799821303599252, 19.64655637483344, 18.871608111054318, 18.222347936453602, 17.65488356336844, 17.133457593314006, 16.531397496497334, 15.82763234267209, 15.09224465760936], "separation_deg": [3.6867318716544055, 5.07727772477601, 7.159841895523506, 9.805531224659497, 12.592366187493884, 13.02729737039025, 12.230648798166872, 11.534943317090136, 10.91246779050008, 10.228172387085557, 9.697748094307956, 9.269682882473312, 8.898522418708811, 8.6055051055149, 8.301888270902133, 8.032467505814761, 7.870245423604768, 7.767592845316189, 7.736005314135573, 7.68016358715929, 7.6870733958453865, 7.775250850432771, 7.897941704877434, 7.9898991508124, 8.016931086239127, 8.056282899768112, 8.134876022659299, 8.341372599530832, 8.62465204230143, 9.000053204328665, 9.516848573195595, 10.198053036163454, 11.150206817238821, 12.434319445809022, 14.726385442309743, 15.817409593366532, 17.579797645822037, 19.409514886122533, 21.277650662313626, 23.426529434585916, 25.62842820533799, 27.697276421469365, 29.673695061521585, 31.114600891817933, 32.10623985203462, 32.863906219818, 33.51272154872365, 33.95394831775407, 34.45757024719104, 36.02861810847686, 38.86824746879155, 42.267353831444865, 45.5922804149016, 48.529284673495496, 50.94339379463757, 52.63275642407763, 53.33106469024776, 53.33843511452914, 52.90755613171337, 52.09263514240112, 50.9957602467947, 49.46625244753872, 47.39153602246898, 44.94911498774398, 42.28893175373837, 39.507455920434964, 36.81117456405259, 34.4947577960953, 32.18148655081207, 29.677472765540116, 27.03767325753912, 24.34273034701846, 21.249233749741876, 15.09224465760936], "max_shoulder_width_frame": 74, "max_hip_width_frame": 35, "max_shoulder_width": 0.38297615006487856, "max_hip_width": 0.24945750230670405}}}