{"version": "1.0", "meta": {"fps": 100.0, "width": 720, "height": 404, "created_at": "2025-09-15T12:00:37+09:00"}, "series": {"center_shift": {"frame": [1, 2, 3, 4, 5, 6, 7, 8, 9, 10, 11, 12, 13, 14, 15, 16, 17, 18, 19, 20, 21, 22, 23, 24, 25, 26, 27, 28, 29, 30], "right_ratio": [2.2, null, null, null, null, 2.7, 1.5, null, 3.3, null, null, null, null, null, 5.9, 10.0, 2.3, 5.3, 7.4, 8.5, 8.9, null, null, null, null, null, null, null, 0.2, 0.3], "left_ratio": [7.8, null, null, null, null, 7.3, 8.5, null, 6.7, null, null, null, null, null, 4.1, 0.0, 7.7, 4.7, 2.6, 1.5, 1.1, null, null, null, null, null, null, null, 9.8, 9.7]}, "shoulder_hip_rotation": {"frame": [1, 2, 3, 4, 5, 6, 7, 8, 9, 10, 11, 12, 13, 14, 15, 16, 17, 18, 19, 20, 21, 22, 23, 24, 25, 26, 27, 28, 29, 30], "shoulder_deg": [-3.4239661524034712, -3.208292209260066, -0.0, -0.0, -0.0, -3.4171753695064377, -3.998439218905489, 0.0, 3.0871742247747695, 5.567888064734546, 7.835601305552355, 10.642236348089716, 9.560484282071076, 11.648501539214726, 10.857225261557122, 13.54742382921929, 12.921119685006207, 13.07070964251593, 12.889898049335423, 13.535829054265406, 13.298779792680465, 12.388707712123935, 13.386314048548455, 14.58510168613132, 14.763891509616856, 15.845043764556275, 15.561843433415449, 14.377272294365133, 14.576190320820647, 14.879491081254022], "hip_deg": [-10.088627464218627, -15.750073820353084, -16.469584489955654, -25.864254103669936, -0.0, -0.0, -0.0, 0.0, 10.258694312110187, 21.09774545281055, 22.419435566305808, 25.193864771498564, 42.23406471335729, 36.912208196163974, 37.14425329388271, 43.07882180600967, 47.49524813668822, 46.0491246168596, 46.54178241851068, 45.598973882607744, 38.164239320317506, 41.18863801916966, 43.15273839213705, 42.31686198350547, 25.24268293612616, 28.288315244502893, 27.289131764191474, 23.60727485039702, 19.138935853640184, 26.837187741736383], "separation_deg": [-6.664661311815156, -12.541781611093018, -16.469584489955654, -25.864254103669936, 0.0, 3.4171753695064377, 3.998439218905489, 0.0, 7.171520087335417, 15.529857388076003, 14.583834260753452, 14.551628423408848, 32.67358043128621, 25.263706656949246, 26.28702803232559, 29.53139797679038, 34.574128451682014, 32.97841497434367, 33.65188436917526, 32.06314482834234, 24.865459527637043, 28.799930307045724, 29.766424343588596, 27.731760297374148, 10.478791426509305, 12.443271479946619, 11.727288330776025, 9.230002556031886, 4.562745532819537, 11.95769666048236], "max_shoulder_width_frame": 8, "max_hip_width_frame": 8, "max_shoulder_width": 0.3124443011529876, "max_hip_width": 0.17656530485058772}}}