{"version": "1.0", "meta": {"fps": 100.0, "width": 720, "height": 404, "created_at": "2025-09-15T21:21:06+09:00"}, "series": {"center_shift": {"frame": [1, 2, 3, 4, 5, 6, 7, 8, 9, 10, 11, 12, 13, 14, 15, 16, 17, 18, 19, 20, 21, 22, 23, 24, 25, 26, 27, 28, 29, 30, 31, 32, 33, 34, 35, 36, 37, 38, 39, 40, 41, 42, 43, 44, 45, 46], "right_ratio": [6.7, 6.6, 6.5, 6.5, 6.5, 6.5, 6.5, 6.5, 6.6, 6.9, 7.1, 7.3, 7.3, 7.5, 7.6, 7.7, 7.8, 7.8, 7.8, 7.8, 7.7, 7.7, 7.6, 7.6, 7.6, 7.6, 7.6, 7.6, 7.6, 7.6, 7.7, 7.7, 7.6, 7.1, 6.6, 6.1, 5.8, 5.6, 5.6, 5.7, 5.7, 5.7, 5.7, 5.7, 5.7, 5.7], "left_ratio": [3.3, 3.4, 3.5, 3.5, 3.5, 3.5, 3.5, 3.5, 3.4, 3.1, 2.9, 2.7, 2.7, 2.5, 2.4, 2.3, 2.2, 2.2, 2.2, 2.2, 2.3, 2.3, 2.4, 2.4, 2.4, 2.4, 2.4, 2.4, 2.4, 2.4, 2.3, 2.3, 2.4, 2.9, 3.4, 3.9, 4.2, 4.4, 4.4, 4.3, 4.3, 4.3, 4.3, 4.3, 4.3, 4.3]}, "shoulder_hip_rotation": {"frame": [1, 2, 3, 4, 5, 6, 7, 8, 9, 10, 11, 12, 13, 14, 15, 16, 17, 18, 19, 20, 21, 22, 23, 24, 25, 26, 27, 28, 29, 30, 31, 32, 33, 34, 35, 36, 37, 38, 39, 40, 41, 42, 43, 44, 45, 46], "shoulder_deg": [-12.28975609080505, -12.18624914197206, -11.786596949316607, -11.251005565487107, -10.52487606336709, -9.692989509442532, -8.739057934401446, -7.4482716521236165, -5.934404732214803, -3.3817307677083916, -1.522890663719292, 0.0, 2.0164333058651573, 4.043669195683629, 5.744894975420206, 7.214341290057145, 8.645678665241585, 9.702718965277326, 10.501018388276416, 11.171230935598206, 11.838356693814044, 12.386670854690436, 12.955665302550452, 13.354725573512683, 13.578526291779225, 13.63928672765896, 13.615608002922116, 13.46558313540686, 13.30589922679157, 13.070301802955345, 12.881651299252745, 12.572006826456676, 12.069810195634977, 11.32618974550292, 10.349858191432958, 9.423619989874362, 8.632923681031338, 8.260421438456655, 8.126461134821017, 8.137347415233808, 7.939038977807088, 7.728799458036421, 7.566880715709278, 7.581598108728463, 7.411618823549306, 6.727503984278226], "hip_deg": [-6.382555302414117, -6.217681263945686, -6.060882246420915, -4.19832005295769, -2.3761876949349334, -0.0, -0.0, -0.0, -0.0, -0.0, 0.0, 5.067952909573765, 7.347237890791506, 8.229159060641422, 9.000339998464094, 9.292562526601927, 9.49859909252569, 9.481620096079707, 9.325897029746761, 9.265629551315792, 10.422772525393867, 11.885319500582108, 13.30651466301415, 14.109199112452268, 14.525202467711676, 14.651441144352711, 14.639011301059638, 14.400774502954055, 14.204827134024294, 14.078866620354464, 14.018818806528225, 14.028283736739002, 13.638718877037078, 11.663775295392485, 9.341628112717355, 8.042626191224468, 8.13383907823802, 8.666977386442571, 8.969021437448223, 9.213556134231172, 9.3868417836782, 9.477503371374654, 9.52586372115363, 9.082520281411744, 8.81127736152662, 8.672996727638179], "separation_deg": [5.9072007883909325, 5.9685678780263745, 5.725714702895692, 7.0526855125294174, 8.148688368432158, 9.692989509442532, 8.739057934401446, 7.4482716521236165, 5.934404732214803, 3.3817307677083916, 1.522890663719292, 5.067952909573765, 5.330804584926349, 4.185489864957793, 3.2554450230438876, 2.078221236544782, 0.852920427284106, -0.22109886919761834, -1.1751213585296547, -1.9056013842824147, -1.4155841684201764, -0.5013513541083281, 0.3508493604636982, 0.7544735389395854, 0.9466761759324509, 1.0121544166937504, 1.0234032981375218, 0.9351913675471959, 0.8989279072327232, 1.0085648173991189, 1.13716750727548, 1.4562769102823268, 1.5689086814021014, 0.3375855498895657, -1.0082300787156022, -1.3809937986498948, -0.49908460279331734, 0.40655594798591643, 0.8425603026272057, 1.0762087189973641, 1.4478028058711123, 1.7487039133382334, 1.9589830054443524, 1.500922172683281, 1.3996585379773148, 1.945492743359953], "max_shoulder_width_frame": 12, "max_hip_width_frame": 11, "max_shoulder_width": 0.37542080936885885, "max_hip_width": 0.2529702897293529}}}