{"version": "1.0", "meta": {"fps": 100.0, "width": 720, "height": 405, "created_at": "2025-09-02T14:13:42+09:00"}, "series": {"head_stability": {"frame": [1, 2, 3, 4, 5, 6, 7, 8, 9, 10, 11, 12, 13, 14, 15, 16, 17, 18, 19, 20, 21, 22, 23, 24, 25, 26, 27, 28, 29, 30, 31, 32, 33, 34, 35, 36, 37, 38, 39, 40, 41, 42, 43, 44, 45, 46, 47, 48, 49, 50, 51, 52, 53, 54, 55, 56, 57, 58, 59, 60, 61, 62, 63, 64, 65, 66, 67, 68, 69, 70, 71, 72, 73, 74, 75, 76, 77, 78, 79, 80, 81, 82, 83, 84, 85, 86, 87, 88, 89, 90, 91, 92, 93, 94, 95, 96, 97, 98, 99, 100, 101, 102, 103, 104, 105, 106, 107, 108, 109, 110, 111, 112, 113, 114, 115, 116, 117, 118, 119, 120, 121, 122, 123, 124, 125, 126, 127, 128, 129, 130, 131, 132, 133, 134, 135, 136], "x_px": [369.8141240214245, 378.80917481374814, 385.0797401515198, 388.8915524308182, 390.8620511954198, 391.6325053460209, 391.71703526017455, 391.48629089357144, 391.1757211645624, 390.9005620294178, 390.71338251828496, 390.6278336773574, 390.6649900395078, 390.8559474889891, 391.2294013790804, 391.76589283231067, 392.52074255243457, 393.60147380812793, 395.05920425119984, 396.98254372205895, 399.325147594162, 401.95029543880446, 404.5682960963921, 407.16517221442905, 409.7791626293905, 412.6467951319293, 415.76533159990106, 419.0211210095342, 422.46964914735435, 425.9904460617273, 429.1968292141535, 431.82603482234384, 433.8153465903191, 435.13231874779973, 435.68972210560986, 435.4128614843107, 434.0578911037664, 431.24012936453363, 426.54044271031813, 419.8091160100113, 411.59578573636145, 403.09669066689133, 395.0639587772353, 388.1752136637431, 383.07751745087455, 379.6618430977376, 377.4848597524578, 376.15698609544177, 375.43242209120604, 375.0790116946089, 374.99394324609267, 375.040807406959, 375.12362831423553, 375.1488764680145, 375.0789430215667, 374.9021509710136, 374.7253341728427, 374.5476338302579, 374.3580926683878, 374.13235984652374, 373.8579576628077, 373.5542906556629, 373.24391508792763, 372.94423029760105, 372.6690818982892, 372.4139063713976, 372.1832117371379, 371.9950416973063, 371.88065619776233, 371.88084895382804, 372.0382976358564, 372.41646780352494, 373.06530647038784, 374.00795413387345, 375.20695524626467, 376.61969815581756, 378.29842757324457, 380.01334477377776, 381.51808357026914, 382.57276085616456, 383.32383170094965, 383.94470605597553, 384.56491618964566, 385.2426540653692, 385.97370805905496, 386.5942066038268, 387.1417134261146, 387.66347666316517, 388.0837282735183, 388.33364681888645, 388.40925569913634, 388.3162857499644, 388.0631874384404, 387.6479515695495, 387.0780137115876, 386.4239471986895, 385.7133138499351, 384.9377387890929, 384.0910158802369, 383.25447840272597, 382.54308501684307, 381.9804063750166, 381.56973020486976, 381.355467797497, 381.46224746410167, 382.0440384478431, 383.3242380471534, 385.55782538683786, 388.66794984468, 392.4469417243825, 396.7087002589622, 401.06078106286503, 405.17816166573806, 408.66548964110234, 411.34419971303396, 412.9313090780416, 413.5421271889342, 413.28488294376945, 412.1688297582595, 410.1845172854079, 407.3846912160369, 404.1222405939434, 400.7401682843319, 397.5939544404583, 395.02974986686513, 393.2516864867394, 392.1772008261688, 391.6301587213041, 391.39729518968375, 391.3096511221415, 391.2489637250516, 391.1446046477205, 391.0208688225662, 390.88918396012406, 390.7500636804725, 390.6078068107326], "y_px": [197.71688951547137, 202.49533289314596, 205.81377737433453, 207.8116373894325, 208.83666328949764, 209.22467660635152, 209.24686201777124, 209.1080632106862, 208.95038507549728, 208.83795969815316, 208.79730490879507, 208.812397884893, 208.86979337248184, 208.97027884691676, 209.1329202663583, 209.379019242244, 209.69284115674756, 210.06362500379169, 210.4229817091781, 210.74934556133655, 210.9886604220256, 211.08925427961194, 211.06212289366172, 210.92639274435015, 210.7509927553049, 210.5719345090614, 210.46129374998893, 210.47995930432032, 210.65852974555628, 211.02214238079014, 211.52280971085597, 212.07547044389761, 212.63868766200986, 213.1711912581689, 213.60858404346192, 213.86224797495447, 213.8838675138884, 213.63394331828218, 213.05439778355228, 212.17621245307282, 210.9500718163578, 209.43565305072676, 207.78207906279104, 206.13224531740246, 204.73060341550806, 203.64953727447042, 202.8558122650834, 202.28228251777938, 201.92304915975242, 201.78911145505273, 201.9611592311838, 202.60222083124447, 203.9641398057311, 206.31048329445642, 209.80410458510008, 214.25192817450238, 219.044788121403, 223.5739712824591, 227.2292359563762, 229.9161019204203, 231.73327628542032, 232.81230112928483, 233.30716727050338, 233.43267464796503, 233.3454776799871, 233.1575652692822, 232.95108042707724, 232.73770029710477, 232.50644929389102, 232.2453455355362, 231.9591098208549, 231.71027866226635, 231.6493757316447, 231.97112849192973, 232.953217429972, 234.9590294379154, 238.3028445700334, 243.04008847661382, 248.8871966544584, 254.9148211576717, 260.57467968596967, 265.1454154256647, 268.15310027446924, 269.68370829708505, 269.92039981656745, 268.87880275873033, 266.45416067748147, 262.40837201525045, 256.4397585517732, 249.29706626577214, 241.84817387679016, 234.66426824395057, 227.64365291073776, 220.90034189972832, 214.86497085532724, 209.79721971421137, 205.44786568689045, 201.6356927047081, 198.8130447261852, 196.79419855781728, 195.42716781171313, 194.7107735921493, 194.51910033481988, 194.7309722163654, 195.27935514444874, 196.02219111726438, 196.8842899834442, 197.9224536076447, 199.15373175849513, 200.6231791486875, 202.25241846289532, 203.81488849682222, 205.17169036239207, 206.2442016695566, 207.0404731065612, 207.5946082167139, 207.92313970874264, 208.0567186142467, 208.01907412969388, 207.8174118666868, 207.4383533284642, 206.86724404910353, 206.21134984815131, 205.64124264591354, 205.1921243012144, 204.85413610680658, 204.62314060545302, 204.48632831154669, 204.4123098879512, 204.37570670032693, 204.35734692395405, 204.3464687411111, 204.34136475125752, 204.34028807159478, 204.3407069048892, 204.34108766242957]}}}