{"version": "1.0", "meta": {"fps": 100.0, "width": 720, "height": 404, "created_at": "2025-09-15T12:13:21+09:00"}, "series": {"center_shift": {"frame": [1, 2, 3, 4, 5, 6, 7, 8, 9, 10, 11, 12, 13, 14, 15, 16, 17, 18, 19, 20, 21, 22, 23, 24, 25, 26, 27, 28, 29, 30, 31, 32, 33, 34, 35, 36, 37, 38, 39, 40, 41, 42, 43, 44, 45, 46, 47, 48, 49, 50, 51, 52, 53, 54, 55, 56, 57, 58, 59, 60, 61, 62, 63, 64, 65, 66, 67, 68, 69, 70, 71, 72, 73, 74, 75, 76, 77, 78, 79, 80, 81, 82, 83, 84, 85, 86, 87, 88, 89, 90, 91, 92], "right_ratio": [null, null, null, 6.8, null, null, null, null, null, null, null, null, null, null, null, 8.1, 8.4, null, 8.2, null, null, null, 9.0, 9.0, 9.0, 9.1, null, 7.5, null, 4.0, null, 0.0, 9.6, 7.8, 9.6, null, 6.4, 8.8, 4.6, 5.6, null, 9.4, 2.5, 9.5, 4.1, 3.3, 9.2, 9.9, null, 9.0, 7.9, 7.7, 7.5, 7.5, null, 7.6, null, 7.5, 7.4, 7.5, 7.2, 8.0, 7.6, 7.2, 7.1, 7.5, 8.1, 7.9, null, null, null, null, 6.3, 7.6, 7.4, 7.6, null, null, null, null, 7.7, 7.6, 7.7, 6.3, 7.5, 7.5, 7.7, null, 6.3, 7.6, 7.7, null], "left_ratio": [null, null, null, 3.2, null, null, null, null, null, null, null, null, null, null, null, 1.9, 1.6, null, 1.8, null, null, null, 1.0, 1.0, 1.0, 0.9, null, 2.5, null, 6.0, null, 10.0, 0.4, 2.2, 0.4, null, 3.6, 1.2, 5.4, 4.4, null, 0.6, 7.5, 0.5, 5.9, 6.7, 0.8, 0.1, null, 1.0, 2.1, 2.3, 2.5, 2.5, null, 2.4, null, 2.5, 2.6, 2.5, 2.8, 2.0, 2.4, 2.8, 2.9, 2.5, 1.9, 2.1, null, null, null, null, 3.7, 2.4, 2.6, 2.4, null, null, null, null, 2.3, 2.4, 2.3, 3.7, 2.5, 2.5, 2.3, null, 3.7, 2.4, 2.3, null]}, "shoulder_hip_rotation": {"frame": [1, 2, 3, 4, 5, 6, 7, 8, 9, 10, 11, 12, 13, 14, 15, 16, 17, 18, 19, 20, 21, 22, 23, 24, 25, 26, 27, 28, 29, 30, 31, 32, 33, 34, 35, 36, 37, 38, 39, 40, 41, 42, 43, 44, 45, 46, 47, 48, 49, 50, 51, 52, 53, 54, 55, 56, 57, 58, 59, 60, 61, 62, 63, 64, 65, 66, 67, 68, 69, 70, 71, 72, 73, 74, 75, 76, 77, 78, 79, 80, 81, 82, 83, 84, 85, 86, 87, 88, 89, 90, 91, 92], "shoulder_deg": [-16.668283878088726, -17.838954853765497, -17.13071422896899, -18.20420667823626, -17.908264554534966, -17.369771930332284, -16.707557029659615, -16.557038782888558, -17.5348553313433, -16.48617185307128, -17.409506623885683, -16.431409400083954, -16.496778699588425, -17.803716323441936, -18.1299917228155, -16.92577380173575, -17.083550077918357, -16.789048185291747, -17.702117719660496, -17.685268586633136, -16.936410184286093, -17.795048510139093, -17.75636805004045, -18.15102686682428, -18.37525413176816, -17.786497136529814, -16.98401711666209, -17.17930057465855, -17.383752729016834, -17.141382093901033, -16.620691298698766, -18.43116932346208, -16.961760814746444, -17.86029007885837, -17.59105306052645, -19.689564098617, -18.604745538220104, -19.141079159634153, -18.415024557540626, -18.601804610397775, -16.21585788476875, -16.203052492765014, -15.557425311433104, -14.806140987414821, -13.65539122314738, -13.954248833512365, -14.908103221902316, -15.544218346005593, -13.222905544502497, -12.321472321896286, -12.188786211141384, -8.365859202832436, -7.972956292022154, -8.413109424055843, -12.88002029383574, -4.161446544553181, -8.749631931000588, -11.165082606017899, -10.981039024829489, -11.398439248971089, -10.016295733931132, -5.090517209319171, -5.363458281518075, -9.126634597789415, -8.053693587633349, -8.39074684452267, -8.347352689900493, -9.048293040314775, -5.704968988608824, -6.458126906064072, -5.77283580201193, -5.809499650966685, -4.506387688701901, -2.835971726056347, -7.253757434626421, -3.895760002706258, 0.0, 4.255985707667895, 3.522938038841991, 4.147720424727822, 8.233069464356198, 5.191994059991977, 9.021516302139892, 8.994898650824508, 6.083728788979594, 5.645411540071975, 5.883323015872325, 7.565402512453713, 5.883824370337604, 5.137649116792313, 5.383869800806407, 9.63869649867183], "hip_deg": [-29.677305084382773, -32.700718000992836, -33.24784465243248, -35.806970171760426, -36.670549995301776, -36.479935397701965, -38.524733472585815, -63.27358153590084, -61.38090567241833, -36.837551836027075, -35.93569679508086, -39.09589760489714, -64.53189594294489, -40.78305771538206, -61.09886346750347, -62.905067911368626, -65.70041708688824, -47.762093799790314, -69.30839404632808, -61.46688982268386, -60.69322817871181, -60.618619334555056, -66.8691640927871, -67.46866736713567, -68.17118671565996, -70.58025450023293, -73.75425667612633, -25.33515099537714, -65.68064564743065, -69.31041030726588, -66.84862145849428, -66.0056482379217, -61.291490237854276, -14.746155437746499, -58.66615639339664, -20.99199884056784, -70.03661331135888, -62.3112175416572, -56.34216976816867, -66.49510281269406, -59.04544581688651, -61.366375167489146, -64.0026073218619, -65.16054643334937, -67.24951147194865, -63.30876135388264, -62.94476997856193, -57.160039644771814, -53.79855141804363, -66.98848872402091, -39.413989513064934, -46.79375205712421, -46.436749267346464, -40.06160187680994, -54.43639530902791, -46.26118114215731, -52.78072106029347, -48.48019378276014, -43.02147374558801, -55.83231827424585, -57.05015737159501, -64.00164281706708, -62.5177323864137, -49.8861143137341, -49.743719525241374, -48.81368040399343, -63.028380917963375, -62.75035386931026, -63.688099060368145, -63.386919661023136, -64.43482555907127, -64.9262605298468, -7.659483126511861, -63.57388162479701, -63.36501290262619, -63.35289102820445, -64.00506542779239, -64.91014883956211, -65.0084719503427, -65.23502136606595, -63.5639810924123, -64.46301446404766, -64.1686020869198, 0.0, 63.71531619173543, 64.37717820278283, 63.93923710580217, 5.366601962101558, 9.50455726283951, 64.95722869452116, 64.24883173450831, 63.76906349333572], "separation_deg": [-13.009021206294047, -14.86176314722734, -16.117130423463486, -17.602763493524165, -18.76228544076681, -19.11016346736968, -21.8171764429262, -46.71654275301228, -43.84605034107503, -20.351379982955795, -18.526190171195175, -22.664488204813185, -48.03511724335646, -22.97934139194012, -42.96887174468797, -45.979294109632875, -48.61686700896988, -30.973045614498567, -51.60627632666758, -43.781621236050725, -43.75681799442572, -42.82357082441597, -49.11279604274665, -49.317640500311384, -49.7959325838918, -52.79375736370311, -56.770239559464244, -8.15585042071859, -48.29689291841382, -52.169028213364854, -50.22793015979551, -47.574478914459625, -44.329729423107835, 3.114134641111871, -41.07510333287019, -1.3024347419508402, -51.43186777313878, -43.17013838202305, -37.92714521062804, -47.89329820229628, -42.82958793211776, -45.16332267472413, -48.445182010428795, -50.354405445934546, -53.594120248801275, -49.35451252037027, -48.03666675665961, -41.61582129876622, -40.575645873541134, -54.667016402124624, -27.22520330192355, -38.42789285429177, -38.46379297532431, -31.648492452754095, -41.55637501519217, -42.09973459760413, -44.03108912929289, -37.31511117674224, -32.040434720758526, -44.43387902527476, -47.03386163766388, -58.911125607747906, -57.15427410489562, -40.75947971594468, -41.69002593760803, -40.42293355947076, -54.681028228062885, -53.702060828995485, -57.98313007175932, -56.92879275495906, -58.66198975705934, -59.116760878880115, -3.1530954378099603, -60.73790989874066, -56.11125546799977, -59.45713102549819, -64.00506542779239, -69.16613454723, -68.53140998918468, -69.38274179079377, -71.7970505567685, -69.65500852403963, -73.19011838905969, -8.994898650824508, 57.63158740275584, 58.731766662710854, 58.05591408992984, -2.1988005503521553, 3.6207328925019064, 59.81957957772885, 58.864961933701906, 54.13036699466389], "max_shoulder_width_frame": 77, "max_hip_width_frame": 84, "max_shoulder_width": 0.3739266450882695, "max_hip_width": 0.4009672800704423}}}