{"version": "1.0", "meta": {"fps": 100.0, "width": 720, "height": 404, "created_at": "2025-09-15T21:22:37+09:00"}, "series": {"center_shift": {"frame": [1, 2, 3, 4, 5, 6, 7, 8, 9, 10, 11, 12, 13, 14, 15, 16, 17, 18, 19, 20, 21, 22, 23, 24, 25, 26, 27, 28, 29, 30, 31, 32, 33, 34, 35, 36, 37, 38, 39, 40, 41, 42, 43, 44, 45, 46, 47, 48, 49, 50, 51, 52, 53], "right_ratio": [5.0, 4.9, 5.0, null, null, null, null, null, 8.6, 8.6, 8.7, 8.1, 9.9, null, null, null, null, null, null, 1.2, 7.6, null, null, 2.3, 6.5, 5.8, null, 4.2, 3.9, 5.3, 4.8, 4.9, 3.9, 3.8, 3.8, null, null, null, 4.6, null, null, null, null, null, null, 3.3, null, null, 4.5, null, null, null, null], "left_ratio": [5.0, 5.1, 5.0, null, null, null, null, null, 1.4, 1.4, 1.3, 1.9, 0.1, null, null, null, null, null, null, 8.8, 2.4, null, null, 7.7, 3.5, 4.2, null, 5.8, 6.1, 4.7, 5.2, 5.1, 6.1, 6.2, 6.2, null, null, null, 5.4, null, null, null, null, null, null, 6.7, null, null, 5.5, null, null, null, null]}, "shoulder_hip_rotation": {"frame": [1, 2, 3, 4, 5, 6, 7, 8, 9, 10, 11, 12, 13, 14, 15, 16, 17, 18, 19, 20, 21, 22, 23, 24, 25, 26, 27, 28, 29, 30, 31, 32, 33, 34, 35, 36, 37, 38, 39, 40, 41, 42, 43, 44, 45, 46, 47, 48, 49, 50, 51, 52, 53], "shoulder_deg": [-16.563129015436733, -16.40352177526962, -15.880865154275577, -15.653893058634576, -15.521863105376797, -15.677228956349767, -16.138072795833985, -13.773871209857697, -15.75670508539326, -17.334589741568312, -17.778849077173998, -17.73795177331717, -17.460752580808183, -17.282139144214618, -18.402873067522982, -19.256760642470155, -18.839198063600175, -16.33344749186805, -19.086227734098383, -18.6587769792405, -14.892127180583499, -17.629838943578893, -23.676011958067186, -17.104743690751906, -18.519576951495853, -18.997037609773415, -7.391527838714988, -13.650046848367388, -12.942457149611482, -14.500516760130505, -13.427855131376441, -12.95648553899708, -12.200353661827375, -10.873138175986373, -10.650902533920892, -11.704996431541844, -11.513348944102004, -9.738266399223674, -9.321793028307386, -7.4928884694466245, -4.916155690176277, -6.288782365804187, -4.587544469146331, -4.550328046051952, -2.3604084052030685, -4.501632570166947, -1.437278725404653, 0.0, 2.4723988777391908, 4.0660432565704845, 2.4521749268390995, 3.6081369171181588, 3.0785961497795618], "hip_deg": [-91.77748227746423, -91.8200455937107, -91.33086490455256, -71.51065806285736, -71.46088493641922, -76.54119425773409, -76.2657075646538, -75.86822277739549, -73.95362505718552, -72.3246076192901, -73.4383973522991, -72.87672193524052, -76.3946533415534, -90.8840077929044, -90.82575857796644, -96.06164558436485, -98.63824835429455, -80.85974714806164, -84.9610573580628, -101.50695391624613, -91.37152852857798, -91.94937436946974, -90.20188752467948, -74.61121574321959, -75.39033130045576, -76.61988067261366, -69.92888814400084, -74.40838350242913, -71.04836013708255, -97.16617811460512, -91.68829453967159, -91.64438934445297, -72.85686747240874, -74.51489016361266, -75.62249850963819, -76.74317252716234, -78.26670300333555, -78.1716563387683, -78.75021698353416, -78.8515766768584, -55.56469295845574, -122.11465269133785, -84.07695498553004, -87.48391622184076, 0.0, 57.92227317284297, 71.53503737093655, 57.99086545455188, 78.47161573303897, 78.45020376557356, 77.68134240557913, 77.7206622143097, 77.69677324093205], "separation_deg": [-75.2143532620275, -75.41652381844108, -75.44999975027697, -55.85676500422278, -55.939021831042425, -60.863965301384326, -60.12763476881981, -62.09435156753779, -58.196919971792255, -54.9900178777218, -55.659548275125104, -55.138770161923354, -58.93390076074521, -73.60186864868979, -72.42288551044345, -76.8048849418947, -79.79905029069437, -64.5262996561936, -65.87482962396442, -82.84817693700563, -76.47940134799448, -74.31953542589085, -66.52587556661229, -57.506472052467686, -56.870754348959906, -57.622843062840246, -62.53736030528585, -60.75833665406174, -58.10590298747107, -82.66566135447461, -78.26043940829514, -78.68790380545589, -60.65651381058136, -63.64175198762629, -64.97159597571729, -65.0381760956205, -66.75335405923354, -68.43338993954463, -69.42842395522678, -71.35868820741177, -50.64853726827946, -115.82587032553367, -79.4894105163837, -82.9335881757888, 2.3604084052030685, 62.42390574300992, 72.9723160963412, 57.99086545455188, 75.99921685529978, 74.38416050900308, 75.22916747874002, 74.11252529719154, 74.61817709115249], "max_shoulder_width_frame": 48, "max_hip_width_frame": 45, "max_shoulder_width": 0.3327657386415874, "max_hip_width": 0.6858711743234035}}}