{"version": "1.0", "meta": {"fps": 100.0, "width": 720, "height": 404, "created_at": "2025-10-16T11:08:33"}, "series": {"shoulder_hip_rotation": {"frame": [1, 2, 3, 4, 5, 6, 7, 8, 9, 10, 11, 12, 13, 14, 15, 16, 17, 18, 19, 20, 21, 22, 23, 24, 25, 26, 27, 28, 29, 30, 31, 32, 33, 34, 35, 36, 37, 38, 39, 40, 41, 42, 43, 44, 45, 46, 47, 48, 49, 50, 51, 52, 53, 54, 55, 56, 57, 58, 59, 60, 61, 62, 63, 64, 65, 66, 67, 68, 69, 70, 71, 72, 73, 74, 75, 76, 77, 78, 79], "shoulder_deg": [-0.0, -0.0, -0.0, -3.5586765200572668, -0.0, -4.837934441980322, -7.705343768369375, -11.169929669276836, -7.855872274215248, -10.313640436961268, -7.7565285220670575, -5.741957148610889, -5.793014703853361, -9.04313116993614, -9.951993782688309, -9.052337152176761, -3.4220414105570534, 0.0, 5.090276130899997, 9.284954657256813, 8.400384185831717, 9.13450960411908, 9.661729107257234, 9.08364871422723, 9.742852733378665, 9.80862022552081, 13.673815271907616, 15.404688995111094, 15.950580725708015, 17.144265008148835, 14.95229628697755, 15.352724513797618, 15.539619431459123, 14.906782964016356, 14.802385652344464, 14.98697792637111, 14.966154213089826, 14.886766358406108, 15.891837838262074, 16.14656901224478, 15.923488885535772, 13.351211457841512, 11.781116889394173, 11.119657523227522, 12.002039886514757, 15.586552110476449, 13.906964573159133, 13.449142717638814, 13.643170725919399, 14.851521942514825, 14.186564955069478, 12.26945401298974, 15.201206752306042, 13.173834026413981, 11.88766172922763, 13.914625500495557, 12.346260298319656, 12.227783410469534, 13.795393261200118, 11.919459450453965, 12.352786348241754, 7.484082082612282, 10.334477485267852, 11.057048032305833, 14.930686952197513, 16.09537068136422, 16.88882939366743, 15.591416920566381, 14.10636019984612, 13.195797855946926, 13.572550688077596, 7.530870794113645, 14.732442038693486, 16.15733040174023, 15.781131688134645, 21.393529173390167, 22.512700009289794, 22.563577674687153, 22.469572115936778], "hip_deg": [-32.116128317715656, -35.40225308095682, -36.56845405806129, -37.23105097151987, -39.431037376800944, -38.99060701547084, -37.79836168561037, -39.13632508322208, -38.39209078980087, -39.23665702524886, -38.35822035576161, -42.238057892287145, -38.27142819161648, -38.54361336353265, -36.65688936104554, -36.72947645656866, -39.303037897678884, -34.79886423812665, -33.80204051366947, -43.88954846944541, -44.29506067278341, -40.44362198268658, -36.724295722448836, -34.98042886311552, -40.863353096278345, -38.26584964331944, -32.85775384111027, -34.80050713875449, -43.092309683911004, -44.29385262056868, -43.64882967367631, -45.08863400371693, -46.306304145694014, -46.76883199373727, -46.15566668144196, -45.8746491338472, -41.156468485374454, -39.65706202804871, -35.84038697278553, -35.20247797250638, -33.793140273318905, -31.878195879248974, -35.02931213246067, -33.04321888904516, -31.595391771113842, -35.49096292702322, -34.1922384776459, -23.48389423466538, -30.55098580434615, -34.617111046646535, -30.35547398435798, -26.690365081304808, -21.508966983091145, -23.448797837546568, -31.37054547696663, -30.782875896916714, -33.532982364686596, -29.405380895515684, -30.722973123605126, -25.406988238159034, -27.981306824462862, -19.334949245913627, -22.199690589466375, -14.693472964039865, 0.0, 3.887490908326812, 2.3630108804466543, 15.53845222706434, 12.522409332697588, 12.47538955485833, 17.144721455691254, 17.050815138051682, 20.633764188166754, 21.266392891631103, 19.89352669081357, 19.81945628997897, 19.34425160006973, 19.536246011272222, 19.52172149425486], "separation_deg": [-32.116128317715656, -35.40225308095682, -36.56845405806129, -33.6723744514626, -39.431037376800944, -34.15267257349052, -30.093017917240992, -27.966395413945246, -30.53621851558562, -28.92301658828759, -30.601691833694552, -36.49610074367626, -32.47841348776312, -29.50048219359651, -26.704895578357235, -27.6771393043919, -35.880996487121834, -34.79886423812665, -38.89231664456946, -53.17450312670222, -52.695444858615126, -49.57813158680566, -46.38602482970607, -44.06407757734275, -50.606205829657014, -48.074469868840254, -46.53156911301788, -50.205196133865584, -59.04289040961902, -61.438117628717514, -58.60112596065386, -60.44135851751455, -61.84592357715314, -61.67561495775363, -60.95805233378642, -60.86162706021831, -56.12262269846428, -54.54382838645482, -51.7322248110476, -51.349046984751155, -49.71662915885467, -45.229407337090485, -46.810429021854844, -44.16287641227268, -43.5974316576286, -51.077515037499666, -48.09920305080503, -36.93303695230419, -44.19415653026555, -49.468632989161364, -44.54203893942746, -38.959819094294545, -36.71017373539719, -36.62263186396055, -43.25820720619426, -44.69750139741227, -45.87924266300625, -41.63316430598522, -44.51836638480525, -37.326447688613, -40.33409317270461, -26.81903132852591, -32.534168074734225, -25.7505209963457, -14.930686952197513, -12.207879773037407, -14.525818513220774, -0.052964693502040916, -1.5839508671485323, -0.7204083010885967, 3.572170767613658, 9.519944343938036, 5.901322149473268, 5.109062489890874, 4.112395002678925, -1.5740728834111977, -3.1684484092200655, -3.0273316634149303, -2.947850621681919], "max_shoulder_width_frame": 18, "max_hip_width_frame": 65, "max_shoulder_width": 0.32746832967404504, "max_hip_width": 0.15965452627800703}}}