{"version": "1.0", "meta": {"fps": 150.0, "width": 720, "height": 404, "created_at": "2025-10-24T16:21:17"}, "series": {"shoulder_hip_rotation": {"frame": [1, 2, 3, 4, 5, 6, 7, 8, 9, 10, 11, 12, 13, 14, 15, 16, 17, 18, 19, 20, 21, 22, 23, 24, 25, 26, 27, 28, 29, 30, 31, 32, 33, 34, 35, 36, 37, 38, 39, 40, 41, 42, 43, 44, 45, 46, 47, 48, 49, 50, 51, 52, 53, 54, 55, 56, 57, 58, 59, 60, 61, 62, 63, 64, 65, 66, 67, 68, 69, 70, 71, 72, 73, 74, 75, 76, 77, 78, 79, 80, 81, 82, 83, 84, 85, 86, 87, 88, 89, 90, 91, 92, 93, 94, 95, 96, 97, 98, 99, 100, 101, 102, 103, 104, 105, 106, 107, 108, 109, 110, 111, 112, 113, 114, 115, 116, 117, 118, 119, 120, 121, 122, 123, 124, 125, 126, 127, 128, 129, 130, 131, 132, 133, 134, 135, 136, 137, 138, 139, 140, 141, 142, 143, 144, 145, 146, 147, 148, 149, 150, 151, 152, 153, 154, 155, 156, 157, 158, 159, 160, 161, 162, 163, 164, 165, 166, 167, 168, 169, 170, 171, 172, 173, 174, 175, 176, 177, 178, 179, 180, 181, 182, 183, 184, 185, 186, 187, 188, 189, 190, 191, 192, 193, 194, 195, 196, 197, 198, 199, 200, 201, 202, 203, 204, 205, 206, 207, 208, 209, 210, 211, 212, 213, 214, 215, 216, 217, 218, 219, 220, 221, 222, 223, 224, 225, 226, 227, 228, 229, 230, 231, 232, 233, 234, 235, 236, 237, 238, 239, 240, 241, 242, 243, 244, 245, 246, 247, 248, 249, 250, 251, 252, 253, 254, 255, 256, 257, 258, 259, 260, 261, 262, 263, 264, 265, 266, 267, 268, 269, 270, 271, 272, 273, 274, 275, 276, 277, 278, 279, 280, 281, 282, 283, 284, 285, 286, 287, 288, 289, 290, 291, 292, 293, 294, 295, 296, 297, 298, 299, 300, 301, 302], "shoulder_deg": [-0.0, -0.0, -0.0, -0.0, -0.0, -0.0, -0.0, -0.0, -0.0, -0.0, -0.0, -6.066879003046108, -0.0, -44.94563837608697, -44.718236903827034, -44.10628541270217, -44.16815423323465, -43.96774268819168, -44.08307653674537, -44.06921362548345, -44.032670453798524, -14.502423365007433, -13.400168142598993, -17.44647077050962, -17.609846995933335, -19.571021510018667, -16.271172668553607, -15.378615828516494, -43.812417433879865, -43.766320161369784, -44.20408925450609, -43.923133473954124, -43.926096439295634, -43.987937958638554, -43.99115916389412, -44.0043514702448, -44.01712028761165, -44.018611276261424, -44.03367600545355, -16.16673958341262, -16.163493613997595, -43.980955738350666, -17.026161866174018, -19.021140199065517, -16.626269391951276, -16.292252285521283, -16.72226235806698, -15.72481189521572, -15.794524885287203, -16.298686595366135, -17.513633189305352, -20.164960145735286, -21.00276827219774, -17.336896769861877, -18.85951458123609, -18.90884438718678, -44.22382785701461, -44.22879710245544, -44.23122239712902, -21.1502916587489, -20.614843767955293, -19.991969619522045, -21.059730592274835, -18.344084780898086, -11.84006401639646, -12.51964168550059, -43.986908262680906, -44.034728268500906, -44.23630634093729, -44.10934999428456, -44.089412863284764, -44.11098472330051, -44.20069366222613, -44.321700439814656, -44.05968542089433, -43.85684888653874, -43.88844420656039, -43.942672497192454, -44.18860103941196, -44.01232876089507, -43.97960680820097, -44.06412731284309, -44.230544933178734, -44.0175978505419, -44.0435067036983, -43.99558783833849, -43.976494364545935, -44.10788389506717, -44.064915939093346, -44.65008422637411, -44.5006352016407, -44.509848547429, -44.54120508920227, -44.437273915774156, -44.539696082583134, -44.39518035369852, -44.31544005699662, -44.11022311822534, -44.309922803400404, -44.39136723326675, -44.62566054441484, -44.67274974916094, -44.55168973440181, -44.467142558287925, -44.62635223767956, -44.624448732133956, -44.62542957001328, -45.29095813603154, -45.633924242784346, -45.504036807680045, -45.63710098395748, -45.206193211822864, -44.0462099520979, -44.07305621963089, -45.753766163837604, -45.927128050536055, -45.97597513902825, -45.929640504367015, -45.91134671375088, -44.79614918408827, -45.505940288803664, -45.41917619479039, -45.50691453393834, -45.41467461859659, -45.17738602470793, -44.58542385736809, -44.930433312083174, -45.14151197590371, -45.27771402661456, -45.452529216689356, -45.2417185734454, -45.334447353594726, -44.20811208173546, -44.05549720035849, -44.022687983302575, -44.068253806710686, -44.917300730464454, -44.760426328337026, -45.08469507492312, -45.21549066940876, -45.43002634953597, -12.137071832854659, -44.07038647909497, -17.001251617029947, -44.06516542786597, -43.98360000658733, -43.93297637122045, -43.91871842038715, -44.052352160447995, -44.00011779956142, -43.97821193453745, -44.009842155033155, -17.472693093605923, -44.06842954896328, -44.03830738451865, -43.97774375663519, -44.013315855006205, -44.03993250000904, -44.07582117212801, -44.14936437290977, -44.11971343237706, -44.23653188139936, -44.09487677471701, -44.18456468552775, -44.32828527648206, -44.5250009378982, -44.85129310631637, -45.719852195562126, -46.823546668134185, -46.734214594788696, -46.39790064783925, -46.14445943940826, -45.29460562577425, -44.9896368822861, -44.789159726922534, -44.67474473689507, -44.891189811940315, -45.22465313300993, -47.83676120437529, -44.62083135454075, -44.76692629569828, -44.79447822872226, -44.613684837466415, -44.52266117237236, -47.74783787702983, -47.747461444918514, -47.76857820766778, -47.77301372586111, -47.908281723732685, -47.908935246982395, -47.856451674411545, -47.77274302649247, -47.73113410722519, -47.66493137109693, -47.59122508379267, -47.61076104385772, -47.61127522518163, -48.16230908027612, -48.12019271621399, -48.188663453641404, -48.28355418976631, -48.124085203449035, -48.08414655076278, -47.99704315869852, -44.014158870799, -45.91711016727011, -44.662598303536825, -45.6024551083951, -45.214196004620746, -47.84589266305489, -47.87498000692646, -44.632312531150866, -44.51991666475898, -47.7218749485137, -47.687784346937846, -47.698295500681986, -44.19892163144871, -44.04395486240579, -44.07394492262317, -44.9963011193103, -44.58201275797334, -44.51576318703755, -44.46773786576703, -44.49844173456711, -44.50745686720587, -44.71394897233385, -44.56941849777063, -44.76534999409781, -45.498819765128204, -45.59259263603428, -48.07904298456762, -46.08297293335132, -48.22795009920877, -48.19110193556202, -48.191732068066266, -48.13593568923469, -47.99896950520075, -45.85274726108354, -45.44722448674354, -45.949335933324, -44.853385910991044, -44.71683284796756, -44.36044491793355, -44.61583649511491, -44.880827760977866, -45.051941433858765, -44.365599988993345, -44.271878604330404, -44.203161023577394, -44.26693556347166, -47.64476658778405, -46.72270172189714, -46.88861243656229, -46.88559252265411, -46.931562699207205, -46.65975925836278, -46.74005087998358, -46.48792287687938, -46.65863381190242, -46.71730863934079, -46.75347919168316, -46.92705892882957, -47.06857194283493, -46.727609309384704, -47.39019526058027, -47.678173493827025, -47.82236797908103, -47.42328547576731, -47.32709679556579, -47.10022945002883, -47.22698523793822, -46.96307146586904, -46.15717230139773, -45.57486699190374, -45.6386635877865, -46.06360871130837, -46.220777680918495, -47.2930974076822, -48.578430800351576, -48.74043651231875, -48.44600240167397, -48.06001453589296, -48.19608472971971, -48.213579686053514, -48.14753241561322, -47.94474784488892, -47.33259968813885, -46.96075432086965, -46.22324779719013, -46.22796994111547, -46.361624580530446, -46.35649462056698, -45.614051452266196, -45.713002324373576, -45.92793088388417, -46.08100454275654, -16.25900936297662, -14.374261305855757, -13.111860416095336, -4.40746914524218, -3.2663700301251466, 0.0],