{"version": "1.0", "meta": {"fps": 100.0, "width": 720, "height": 404, "created_at": "2025-10-24T15:14:23+09:00"}, "series": {"center_shift": {"frame": [1, 2, 3, 4, 5, 6, 7, 8, 9, 10, 11, 12, 13, 14, 15, 16, 17, 18, 19, 20, 21, 22, 23, 24, 25, 26, 27, 28, 29, 30, 31, 32], "right_ratio": [null, null, null, null, null, null, null, null, null, null, null, null, null, null, null, null, null, null, null, null, 1.8, 1.5, null, null, null, null, null, null, 0.2, 0.5, null, null], "left_ratio": [null, null, null, null, null, null, null, null, null, null, null, null, null, null, null, null, null, null, null, null, 8.2, 8.5, null, null, null, null, null, null, 9.8, 9.5, null, null]}, "shoulder_hip_rotation": {"frame": [1, 2, 3, 4, 5, 6, 7, 8, 9, 10, 11, 12, 13, 14, 15, 16, 17, 18, 19, 20, 21, 22, 23, 24, 25, 26, 27, 28, 29, 30, 31, 32], "shoulder_deg": [-11.414021817173108, -0.0, -9.564522991185937, -0.0, -0.0, -0.0, -0.0, 0.0, 8.36643692311221, 12.683734645503527, 15.989847679572947, 16.020150154868293, 23.032668026448118, 24.082648449359862, 24.028981400778292, 24.78026861329885, 22.968312500513004, 24.61043368279929, 32.6543883192855, 34.410957501247815, 37.54304171732323, 41.50698502671341, 37.77749882421959, 44.01028178037065, 46.270703094095225, 46.61631568655998, 48.06876064839689, 48.03113447459905, 49.34086383258541, 48.53947109286913, 51.14546779601384, 49.07257526594335], "hip_deg": [-50.716591929933124, -49.69770717146148, -50.83936599403717, -49.70597338227523, -47.880965288527705, -51.88346945113731, -47.465461535552926, -47.25425594159194, -52.78785246645662, -48.672204745329765, -46.21905379018886, -51.4226653741085, -38.63555011176625, -40.140995859867495, -51.340752138878656, -97.79389376268104, -56.91576926717893, -45.05509393623244, -75.87044048563534, -56.98554195851514, -64.69556044522434, -63.894341561256134, -20.49366835532838, -3.718139743495359, 0.0, 8.06706786833136, 7.933366650465568, 18.059091599043754, 22.140135963116474, 22.07633955234861, 30.30457410755968, 17.28609034237393], "separation_deg": [-39.302570112760016, -49.69770717146148, -41.274843002851235, -49.70597338227523, -47.880965288527705, -51.88346945113731, -47.465461535552926, -47.25425594159194, -61.15428938956883, -61.35593939083329, -62.208901469761805, -67.4428155289768, -61.66821813821437, -64.22364430922735, -75.36973353965695, -122.57416237597988, -79.88408176769194, -69.66552761903174, -108.52482880492084, -91.39649945976296, -102.23860216254758, -105.40132658796955, -58.27116717954797, -47.728421523866004, -46.270703094095225, -38.54924781822862, -40.135393997931324, -29.972042875555296, -27.20072786946894, -26.463131540520518, -20.84089368845416, -31.786484923569418], "max_shoulder_width_frame": 8, "max_hip_width_frame": 25, "max_shoulder_width": 0.26995491422709383, "max_hip_width": 0.3351492777455835}}}