{"version": "1.0", "meta": {"fps": 100.0, "width": 720, "height": 405, "created_at": "2025-09-01T16:25:33"}, "series": {"shoulder_hip_rotation": {"frame": [1, 2, 3, 4, 5, 6, 7, 8, 9, 10, 11, 12, 13, 14, 15, 16, 17, 18, 19, 20, 21, 22, 23, 24, 25, 26, 27, 28, 29, 30, 31, 32, 33, 34, 35, 36, 37, 38, 39, 40, 41, 42, 43, 44, 45, 46, 47, 48, 49, 50, 51, 52, 53, 54, 55, 56, 57, 58, 59, 60, 61, 62, 63, 64, 65, 66, 67, 68, 69, 70, 71, 72, 73, 74, 75, 76, 77, 78, 79, 80, 81, 82, 83, 84, 85, 86, 87, 88, 89, 90, 91, 92, 93, 94, 95, 96, 97, 98, 99, 100, 101, 102, 103, 104, 105, 106, 107, 108, 109, 110], "shoulder_deg": [-28.31845255170514, -27.055943471813507, -26.53886575744742, -26.81880489898571, -27.670739213659377, -28.751151194164915, -29.87329213971428, -30.960962381420604, -31.985342908262812, -32.901443684019505, -33.67905960305675, -34.37075926086545, -35.00873842905343, -35.61292856755832, -36.018038784429145, -36.106073368111524, -35.92397662561624, -35.58039298412279, -35.189596634738606, -34.882793386969745, -34.683075858651705, -34.53077004154569, -34.28396327991601, -33.929801422240416, -33.43792535753743, -32.75879017320334, -31.934847590408463, -31.06679033151492, -30.19661334698046, -29.296838875799967, -28.346949601660224, -27.34512728700441, -26.314147867876326, -25.181590074786406, -23.97311526452785, -22.710071716145393, -21.432715994946147, -20.212359000704655, -19.048076486400003, -17.929363393732842, -16.862853831906165, -15.87269472231493, -14.868625604628901, -13.774465256127613, -12.649459988476872, -11.610081928030453, -10.764531332931648, -10.10210413824393, -9.455618720384397, -8.617765966219789, -7.278352620900784, -5.287639697654839, -2.638652448782257, 0.0, 3.472463778389538, 6.3738264680453245, 9.386158935593185, 12.735362758440667, 16.06085630000266, 19.327555606193727, 22.712911056112585, 26.064343021009606, 29.271762068347346, 32.405379280711614, 35.533738236939506, 38.817343903793684, 42.19226207830496, 45.521206820382204, 48.63719353541413, 51.5235189993765, 54.15797752971906, 56.5118630299046, 58.56755283486451, 60.44975081673462, 62.354579861802975, 64.37110865305533, 66.2623616468982, 68.03001064660624, 69.8260442779667, 71.66350527375839, 73.33556206490344, 74.892514477479, 76.15198293378279, 76.91306728501125, 77.05681515221829, 76.61445538645823, 75.77737116394347, 74.75770939139882, 73.76222871178223, 72.69460990130757, 108.41509003541647, 109.47052735509095, 110.15675045247384, 110.3487092278854, 110.10327143924239, 109.52251389285219, 71.25050557239545, 72.14329771404755, 73.08138655181892, 73.85950625020423, 74.47307921679082, 74.95147934638598, 75.25984353305849, 75.40993551871036, 75.46554982636039, 75.47771022846395, 75.4869743894759, 75.51259089989185, 75.53981711544805, 75.55413733341989], "hip_deg": [-34.673868028840594, -33.27057614024151, -32.50985473546711, -32.25028838360259, -32.1631869581004, -32.088664044284634, -31.884460483047924, -31.418704143089812, -30.622856550033216, -29.405102752996306, -27.685770973458858, -25.625057092359405, -23.77450258753573, -22.30747516219731, -21.19578654931342, -20.232221668987783, -19.1324277922501, -17.676509402869115, -15.794208109043108, -13.693160314879636, -11.535797025234091, -9.55490040660546, -7.817361109164006, -6.637457654773938, -6.081813036620287, -5.682135237952502, -5.399890530694553, -5.943854091170514, -7.376851538651562, -8.554872308843509, -8.886344151254121, -8.336220036505818, -7.013814795020827, -5.028190537008514, -2.6872528315183772, 0.0, 1.9712587977289662, 3.940938156686074, 5.91736667494599, 7.839670622078684, 9.821408055431593, 11.72495022431093, 13.384643182126464, 14.717730832399639, 15.6520959148887, 16.296240309338085, 16.812692294832754, 17.360834302938738, 17.918030630683536, 18.32536557882022, 18.585324157341308, 18.889883201526438, 19.548552099699755, 20.38270737569138, 21.22408014045521, 22.080309808419102, 22.764598819378147, 23.279408670690245, 23.663851795168842, 23.691122691052932, 23.54743541186814, 23.5951111880837, 23.96723389348729, 24.6668496503173, 26.02973634150498, 28.092173026889967, 30.142224607427266, 31.827304638675162, 33.44925736553743, 35.13894827880836, 36.96759777281018, 39.182817721720106, 42.01686446262611, 45.62325911006101, 50.06333803495988, 54.66175511652927, 58.327479021006624, 61.27299701259093, 63.573853443480864, 65.37305467741395, 66.38168425595705, 66.85101364567748, 66.92618702686056, 66.67018597717647, 66.02494410458137, 65.39469591643967, 65.23462452450303, 65.49874705528852, 65.75863613100029, 65.7272540369317, 65.30186247796824, 64.50176169016957, 63.83498604247147, 63.39488471778656, 63.34589621451442, 63.67826199206582, 64.3546578550166, 65.24899066509124, 66.1103552648982, 66.70206349044778, 66.97343807855978, 66.96389218596218, 66.71604607469963, 66.49560169858158, 66.42333937947333, 66.49401003426689, 66.73672586675423, 67.09972082383212, 67.52475046481791, 67.95082242633327], "separation_deg": [-6.355415477135455, -6.214632668428003, -5.970988978019687, -5.4314834846168765, -4.492447744441019, -3.337512850119719, -2.011168343333644, -0.4577417616692081, 1.3624863582295959, 3.496340931023198, 5.993288629597892, 8.745702168506043, 11.234235841517702, 13.30545340536101, 14.822252235115723, 15.87385169912374, 16.791548833366143, 17.903883581253673, 19.3953885256955, 21.18963307209011, 23.147278833417616, 24.97586963494023, 26.466602170752004, 27.292343767466477, 27.356112320917145, 27.076654935250836, 26.53495705971391, 25.122936240344405, 22.8197618083289, 20.741966566956457, 19.460605450406103, 19.00890725049859, 19.300333072855498, 20.153399537777894, 21.28586243300947, 22.710071716145393, 23.403974792675115, 24.15329715739073, 24.965443161345995, 25.769034015811528, 26.684261887337758, 27.597644946625863, 28.253268786755363, 28.49219608852725, 28.30155590336557, 27.90632223736854, 27.577223627764404, 27.46293844118267, 27.373649351067932, 26.94313154504001, 25.86367677824209, 24.177522899181277, 22.18720454848201, 20.38270737569138, 17.751616362065672, 15.706483340373778, 13.378439883784962, 10.544045912249578, 7.602995495166184, 4.363567084859206, 0.8345243557555548, -2.4692318329259066, -5.304528174860057, -7.738529630394314, -9.504001895434527, -10.725170876903718, -12.05003747087769, -13.693902181707042, -15.1879361698767, -16.384570720568142, -17.190379756908882, -17.329045308184497, -16.550688372238398, -14.826491706673615, -12.291241826843098, -9.70935353652606, -7.934882625891575, -6.7570136340153155, -6.2521908344858375, -6.290450596344442, -6.9538778089463875, -8.041500831801514, -9.22579590692223, -10.242881307834779, -11.031871047636926, -11.219759470018559, -10.542746639440438, -9.2589623361103, -8.003592580781941, -6.967355864375875, -43.113227557448226, -44.96876566492138, -46.32176441000237, -46.95382451009883, -46.75737522472797, -45.84425190078637, -6.895847717378857, -6.894307048956307, -6.97103128692072, -7.157442759756449, -7.499641138231041, -7.9875871604238, -8.543797458358853, -8.914333820128775, -9.042210446887054, -8.983700194197056, -8.750248522721677, -8.412870076059733, -8.015066650630132, -7.603314907086613], "max_shoulder_width_frame": 54, "max_hip_width_frame": 36, "max_shoulder_width": 0.3394649579117266, "max_hip_width": 0.19275050347861045}}}