{"version": "1.0", "meta": {"fps": 100.0, "width": 720, "height": 405, "created_at": "2025-09-08T11:42:02+09:00"}, "series": {"center_shift": {"frame": [1, 2, 3, 4, 5, 6, 7, 8, 9, 10, 11, 12, 13, 14, 15, 16, 17, 18, 19, 20, 21, 22, 23, 24, 25, 26, 27, 28, 29, 30, 31, 32, 33, 34, 35, 36, 37, 38, 39, 40, 41, 42, 43, 44, 45, 46, 47, 48, 49, 50, 51, 52, 53, 54, 55, 56, 57, 58, 59, 60, 61, 62, 63, 64, 65, 66, 67, 68, 69, 70, 71, 72, 73, 74, 75, 76, 77, 78, 79, 80, 81, 82, 83, 84], "right_ratio": [null, 9.5, 8.1, 7.2, 6.7, 6.2, 6.1, 6.2, 6.5, 7.1, 7.7, 8.2, 8.4, 8.1, 7.6, 7.1, 6.7, 6.4, 6.2, 6.2, 6.2, 6.2, 6.2, 6.3, 6.5, 6.6, 6.8, 6.9, 6.8, 6.6, 6.1, 5.6, 5.0, 4.6, 4.3, 4.3, 4.2, 4.2, 4.2, 4.2, 4.2, 4.0, 3.8, 3.4, 2.7, 2.2, 1.9, 1.7, 1.8, 2.0, 2.0, 2.3, 2.4, 2.5, 2.5, 2.5, 2.4, 2.2, 2.0, 1.9, 1.6, 1.4, 1.1, 0.6, 0.2, null, null, null, null, null, null, null, null, null, null, null, null, null, null, null, null, null, null, null], "left_ratio": [null, 0.5, 1.9, 2.8, 3.3, 3.8, 3.9, 3.8, 3.5, 2.9, 2.3, 1.8, 1.6, 1.9, 2.4, 2.9, 3.3, 3.6, 3.8, 3.8, 3.8, 3.8, 3.8, 3.7, 3.5, 3.4, 3.2, 3.1, 3.2, 3.4, 3.9, 4.4, 5.0, 5.4, 5.7, 5.7, 5.8, 5.8, 5.8, 5.8, 5.8, 6.0, 6.2, 6.6, 7.3, 7.8, 8.1, 8.3, 8.2, 8.0, 8.0, 7.7, 7.6, 7.5, 7.5, 7.5, 7.6, 7.8, 8.0, 8.1, 8.4, 8.6, 8.9, 9.4, 9.8, null, null, null, null, null, null, null, null, null, null, null, null, null, null, null, null, null, null, null]}, "shoulder_hip_rotation": {"frame": [1, 2, 3, 4, 5, 6, 7, 8, 9, 10, 11, 12, 13, 14, 15, 16, 17, 18, 19, 20, 21, 22, 23, 24, 25, 26, 27, 28, 29, 30, 31, 32, 33, 34, 35, 36, 37, 38, 39, 40, 41, 42, 43, 44, 45, 46, 47, 48, 49, 50, 51, 52, 53, 54, 55, 56, 57, 58, 59, 60, 61, 62, 63, 64, 65, 66, 67, 68, 69, 70, 71, 72, 73, 74, 75, 76, 77, 78, 79, 80, 81, 82, 83, 84], "shoulder_deg": [-22.97957946286615, -18.95224784756528, -15.354653794225852, -12.15558286287763, -9.548804974682893, -7.299499968152688, -5.0631150280062345, -0.0, -0.0, -0.0, -0.0, -0.0, -0.0, -0.0, -0.0, -0.0, -3.742013381117715, -7.328783252794669, -9.748987202991877, -11.535134141227951, -12.677883817405085, -13.22257058290511, -13.234824972622025, -12.855927570173364, -12.362609171356903, -11.845561274887583, -11.313715041700897, -10.762509154487457, -10.128744815083627, -9.265301251861663, -8.121896670983094, -6.496035506988254, -4.3278260298889295, -1.865252655573376, 0.0, 3.042367791666683, 5.196118188529277, 6.991295059416432, 8.722433472920065, 10.452481697785275, 12.4739252269542, 15.096786873640772, 18.317346530773126, 21.846445576015146, 25.55711309026677, 29.232123268519135, 32.60476090128755, 35.64319416886228, 38.47721051184067, 41.311751854374684, 44.136198916144934, 46.69852089051637, 48.90630209169852, 50.57624052025735, 51.70738437814867, 52.373157005492324, 52.73776029135347, 52.926969021121906, 53.03263131596844, 53.09907325797336, 53.13888477293082, 53.14233593559866, 53.09289078949433, 53.06015896039427, 53.10005281599739, 53.15405400501437, 53.15447670720376, 53.10705757824547, 53.06419020599605, 53.04601687459536, 53.03919201523524, 53.01283518066291, 52.951460547924924, 52.86146121224696, 52.767054946332316, 52.68897199444746, 52.63500333384554, 52.60493433634778, 52.59732403309207, 52.610272081800375, 52.6324952912742, 52.65857204423594, 52.6859347232038, 52.7148201332192], "hip_deg": [-31.831960706393176, -27.859803436969344, -23.956732004117452, -20.093640861114714, -16.719562918528588, -14.139967305198681, -12.607186652325149, -11.829334731391105, -11.435699919357734, -11.04656157567583, -10.289262129335846, -8.783575042903557, -5.847227084810375, -0.0, -0.0, -0.0, -0.0, -5.331227799820742, -8.841753944505118, -11.396599763068368, -13.437400898011463, -15.0701157616795, -16.16625197595725, -16.80326316449797, -17.150127633700713, -17.318978196206196, -17.379624529045035, -17.350620256769503, -17.136901292665318, -16.645828900108945, -15.738613401994625, -14.241829537466625, -12.044465461972804, -9.597071716082972, -7.051780989462978, -4.565589967975962, -2.364523442188851, 0.0, 1.652926739066336, 3.990309667980678, 7.458533585575237, 11.419859263156617, 15.353332277425721, 19.06484230207519, 22.476674751400346, 25.19531900377697, 27.067053013735844, 28.662754747277802, 30.378790026934546, 32.087248777246884, 33.65569708112524, 34.929059858801565, 35.93439135362067, 36.721123208205384, 37.384200316060266, 37.98767164582586, 38.55337609112389, 39.012145881515906, 39.27831817561951, 39.28981375519003, 39.04578711110995, 38.5933718192531, 37.84600988066303, 36.794492569693055, 35.38908085258619, 34.189772087774166, 33.16479482131593, 32.181489793204285, 31.260012749416752, 30.476173289373442, 29.840029587642974, 29.395343573590363, 29.08801299984266, 28.847010284745018, 28.620896107261846, 28.378055566482605, 28.152430733587476, 27.92729328858137, 27.7040920762702, 27.491108582153576, 27.308851385775544, 27.161305109955773, 27.054378778104432, 26.966025302378082], "separation_deg": [-8.852381243527027, -8.907555589404065, -8.6020782098916, -7.938057998237085, -7.170757943845695, -6.840467337045993, -7.5440716243189145, -11.829334731391105, -11.435699919357734, -11.04656157567583, -10.289262129335846, -8.783575042903557, -5.847227084810375, 0.0, 0.0, 0.0, 3.742013381117715, 1.997555452973927, 0.9072332584867588, 0.13853437815958358, -0.7595170806063773, -1.8475451787743893, -2.931427003335223, -3.9473355943246062, -4.78751846234381, -5.473416921318613, -6.065909487344138, -6.5881111022820456, -7.008156477581691, -7.380527648247282, -7.616716731011531, -7.745794030478371, -7.716639432083874, -7.731819060509596, -7.051780989462978, -7.607957759642645, -7.560641630718128, -6.991295059416432, -7.0695067338537285, -6.462172029804597, -5.015391641378963, -3.676927610484155, -2.964014253347404, -2.7816032739399574, -3.0804383388664256, -4.036804264742166, -5.537707887551704, -6.980439421584478, -8.098420484906121, -9.2245030771278, -10.480501835019695, -11.769461031714805, -12.971910738077852, -13.855117312051966, -14.323184062088401, -14.385485359666461, -14.18438420022958, -13.914823139606, -13.754313140348927, -13.809259502783327, -14.09309766182087, -14.548964116345559, -15.246880908831294, -16.265666390701213, -17.710971963411197, -18.964281917240207, -19.989681885887833, -20.92556778504118, -21.804177456579296, -22.569843585221918, -23.199162427592263, -23.617491607072548, -23.863447548082263, -24.01445092750194, -24.14615883907047, -24.31091642796486, -24.482572600258063, -24.67764104776641, -24.89323195682187, -25.1191634996468, -25.32364390549866, -25.497266934280166, -25.631555945099368, -25.748794830841117], "max_shoulder_width_frame": 35, "max_hip_width_frame": 38, "max_shoulder_width": 0.24361148476781033, "max_hip_width": 0.14985912089049785}}}